<?xml version="1.0" encoding="UTF-8"?>
<project name="module_mr" default="compile.module.mr">
  <dirname property="module.mr.basedir" file="${ant.file.module_mr}"/>
  
  <property name="module.jdk.home.mr" value="${project.jdk.home}"/>
  <property name="module.jdk.bin.mr" value="${project.jdk.bin}"/>
  <property name="module.jdk.classpath.mr" value="${project.jdk.classpath}"/>
  
  <property name="compiler.args.mr" value="-encoding UTF-8 -source 8 -target 8 ${compiler.args}"/>
  
  <property name="mr.output.dir" value="${module.mr.basedir}/out/production/mr"/>
  <property name="mr.testoutput.dir" value="${module.mr.basedir}/out/test/mr"/>
  
  <path id="mr.module.bootclasspath">
    <!-- Paths to be included in compilation bootclasspath -->
  </path>
  
  <path id="mr.module.production.classpath">
    <path refid="${module.jdk.classpath.mr}"/>
    <path refid="library.lib.classpath"/>
  </path>
  
  <path id="mr.runtime.production.module.classpath">
    <pathelement location="${mr.output.dir}"/>
    <path refid="library.lib.classpath"/>
  </path>
  
  <path id="mr.module.classpath">
    <path refid="${module.jdk.classpath.mr}"/>
    <pathelement location="${mr.output.dir}"/>
    <path refid="library.lib.classpath"/>
  </path>
  
  <path id="mr.runtime.module.classpath">
    <pathelement location="${mr.testoutput.dir}"/>
    <pathelement location="${mr.output.dir}"/>
    <path refid="library.lib.classpath"/>
  </path>
  
  
  <patternset id="excluded.from.module.mr">
    <patternset refid="ignored.files"/>
  </patternset>
  
  <patternset id="excluded.from.compilation.mr">
    <patternset refid="excluded.from.module.mr"/>
  </patternset>
  
  <path id="mr.module.sourcepath">
    <dirset dir="${module.mr.basedir}">
      <include name="src"/>
    </dirset>
  </path>
  
  
  <target name="compile.module.mr" depends="compile.module.mr.production,compile.module.mr.tests" description="Compile module mr"/>
  
  <target name="compile.module.mr.production" depends="register.custom.compilers" description="Compile module mr; production classes">
    <mkdir dir="${mr.output.dir}"/>
    <javac2 destdir="${mr.output.dir}" debug="${compiler.debug}" nowarn="${compiler.generate.no.warnings}" memorymaximumsize="${compiler.max.memory}" fork="true" executable="${module.jdk.bin.mr}/javac">
      <compilerarg line="${compiler.args.mr}"/>
      <bootclasspath refid="mr.module.bootclasspath"/>
      <classpath refid="mr.module.production.classpath"/>
      <src refid="mr.module.sourcepath"/>
      <patternset refid="excluded.from.compilation.mr"/>
    </javac2>
    
    <copy todir="${mr.output.dir}">
      <fileset dir="${module.mr.basedir}/src">
        <patternset refid="compiler.resources"/>
        <type type="file"/>
      </fileset>
    </copy>
  </target>
  
  <target name="compile.module.mr.tests" depends="register.custom.compilers,compile.module.mr.production" description="compile module mr; test classes" unless="skip.tests"/>
  
  <target name="clean.module.mr" description="cleanup module">
    <delete dir="${mr.output.dir}"/>
    <delete dir="${mr.testoutput.dir}"/>
  </target>
</project>