<?xml version="1.0" encoding="UTF-8"?>
<project name="mr" default="all">
  
  
  <property file="mr2.properties"/>
  <!-- Uncomment the following property if no tests compilation is needed -->
  <!-- 
  <property name="skip.tests" value="true"/>
   -->
  
  <!-- Compiler options -->
  
  <property name="compiler.debug" value="on"/>
  <property name="compiler.generate.no.warnings" value="off"/>
  <property name="compiler.args" value=""/>
  <property name="compiler.max.memory" value="700m"/>
  <patternset id="ignored.files">
    <exclude name="**/*.hprof/**"/>
    <exclude name="**/*.pyc/**"/>
    <exclude name="**/*.pyo/**"/>
    <exclude name="**/*.rbc/**"/>
    <exclude name="**/*.yarb/**"/>
    <exclude name="**/*~/**"/>
    <exclude name="**/.DS_Store/**"/>
    <exclude name="**/.git/**"/>
    <exclude name="**/.hg/**"/>
    <exclude name="**/.svn/**"/>
    <exclude name="**/CVS/**"/>
    <exclude name="**/__pycache__/**"/>
    <exclude name="**/_svn/**"/>
    <exclude name="**/vssver.scc/**"/>
    <exclude name="**/vssver2.scc/**"/>
  </patternset>
  <patternset id="library.patterns">
    <include name="*.egg"/>
    <include name="*.jar"/>
    <include name="*.ear"/>
    <include name="*.ane"/>
    <include name="*.klib"/>
    <include name="*.swc"/>
    <include name="*.war"/>
    <include name="*.zip"/>
  </patternset>
  <patternset id="compiler.resources">
    <exclude name="**/?*.java"/>
    <exclude name="**/?*.form"/>
    <exclude name="**/?*.class"/>
    <exclude name="**/?*.groovy"/>
    <exclude name="**/?*.scala"/>
    <exclude name="**/?*.flex"/>
    <exclude name="**/?*.kt"/>
    <exclude name="**/?*.clj"/>
    <exclude name="**/?*.aj"/>
  </patternset>
  
  <!-- JDK definitions -->
  
  <property name="jdk.bin.1.8" value="${jdk.home.1.8}/bin"/>
  <path id="jdk.classpath.1.8">
    <fileset dir="${jdk.home.1.8}">
      <include name="jre/lib/charsets.jar"/>
      <include name="jre/lib/deploy.jar"/>
      <include name="jre/lib/ext/access-bridge-32.jar"/>
      <include name="jre/lib/ext/cldrdata.jar"/>
      <include name="jre/lib/ext/dnsns.jar"/>
      <include name="jre/lib/ext/jaccess.jar"/>
      <include name="jre/lib/ext/jfxrt.jar"/>
      <include name="jre/lib/ext/localedata.jar"/>
      <include name="jre/lib/ext/nashorn.jar"/>
      <include name="jre/lib/ext/sunec.jar"/>
      <include name="jre/lib/ext/sunjce_provider.jar"/>
      <include name="jre/lib/ext/sunmscapi.jar"/>
      <include name="jre/lib/ext/sunpkcs11.jar"/>
      <include name="jre/lib/ext/zipfs.jar"/>
      <include name="jre/lib/javaws.jar"/>
      <include name="jre/lib/jce.jar"/>
      <include name="jre/lib/jfr.jar"/>
      <include name="jre/lib/jfxswt.jar"/>
      <include name="jre/lib/jsse.jar"/>
      <include name="jre/lib/management-agent.jar"/>
      <include name="jre/lib/plugin.jar"/>
      <include name="jre/lib/resources.jar"/>
      <include name="jre/lib/rt.jar"/>
    </fileset>
  </path>
  
  <property name="project.jdk.home" value="${jdk.home.1.8}"/>
  <property name="project.jdk.bin" value="${jdk.bin.1.8}"/>
  <property name="project.jdk.classpath" value="jdk.classpath.1.8"/>
  
  
  <!-- Project Libraries -->
  
  <path id="library.lib.classpath">
    <pathelement location="${basedir}/lib/IKAnalyzer2012_FF.jar"/>
    <pathelement location="${basedir}/lib/avro-1.7.4.jar"/>
    <pathelement location="${basedir}/lib/commons-cli-1.2.jar"/>
    <pathelement location="${basedir}/lib/commons-codec-1.4.jar"/>
    <pathelement location="${basedir}/lib/commons-collections-3.2.1.jar"/>
    <pathelement location="${basedir}/lib/commons-configuration-1.6.jar"/>
    <pathelement location="${basedir}/lib/commons-httpclient-3.1.jar"/>
    <pathelement location="${basedir}/lib/commons-io-2.4.jar"/>
    <pathelement location="${basedir}/lib/commons-lang-2.6.jar"/>
    <pathelement location="${basedir}/lib/commons-logging-1.1.3.jar"/>
    <pathelement location="${basedir}/lib/dom4j-1.6.1.jar"/>
    <pathelement location="${basedir}/lib/guava-11.0.2.jar"/>
    <pathelement location="${basedir}/lib/hadoop-annotations-2.5.2.jar"/>
    <pathelement location="${basedir}/lib/hadoop-auth-2.5.2.jar"/>
    <pathelement location="${basedir}/lib/hadoop-common-2.5.2-tests.jar"/>
    <pathelement location="${basedir}/lib/hadoop-common-2.5.2.jar"/>
    <pathelement location="${basedir}/lib/hadoop-distcp-2.5.1.jar"/>
    <pathelement location="${basedir}/lib/hadoop-hdfs-2.5.2-tests.jar"/>
    <pathelement location="${basedir}/lib/hadoop-hdfs-2.5.2.jar"/>
    <pathelement location="${basedir}/lib/hadoop-hdfs-nfs-2.5.2.jar"/>
    <pathelement location="${basedir}/lib/hadoop-mapreduce-client-app-2.5.2.jar"/>
    <pathelement location="${basedir}/lib/hadoop-mapreduce-client-common-2.5.2.jar"/>
    <pathelement location="${basedir}/lib/hadoop-mapreduce-client-core-2.5.2.jar"/>
    <pathelement location="${basedir}/lib/hadoop-mapreduce-client-hs-2.5.2.jar"/>
    <pathelement location="${basedir}/lib/hadoop-mapreduce-client-hs-plugins-2.5.2.jar"/>
    <pathelement location="${basedir}/lib/hadoop-mapreduce-client-jobclient-2.5.2-tests.jar"/>
    <pathelement location="${basedir}/lib/hadoop-mapreduce-client-jobclient-2.5.2.jar"/>
    <pathelement location="${basedir}/lib/hadoop-mapreduce-client-shuffle-2.5.2.jar"/>
    <pathelement location="${basedir}/lib/hadoop-mapreduce-examples-2.5.2.jar"/>
    <pathelement location="${basedir}/lib/hadoop-nfs-2.5.2.jar"/>
    <pathelement location="${basedir}/lib/hadoop-yarn-api-2.5.2.jar"/>
    <pathelement location="${basedir}/lib/hadoop-yarn-applications-distributedshell-2.5.2.jar"/>
    <pathelement location="${basedir}/lib/hadoop-yarn-applications-unmanaged-am-launcher-2.5.2.jar"/>
    <pathelement location="${basedir}/lib/hadoop-yarn-client-2.5.2.jar"/>
    <pathelement location="${basedir}/lib/hadoop-yarn-common-2.5.2.jar"/>
    <pathelement location="${basedir}/lib/hadoop-yarn-server-applicationhistoryservice-2.5.2.jar"/>
    <pathelement location="${basedir}/lib/hadoop-yarn-server-common-2.5.2.jar"/>
    <pathelement location="${basedir}/lib/hadoop-yarn-server-nodemanager-2.5.2.jar"/>
    <pathelement location="${basedir}/lib/hadoop-yarn-server-resourcemanager-2.5.2.jar"/>
    <pathelement location="${basedir}/lib/hadoop-yarn-server-tests-2.5.2.jar"/>
    <pathelement location="${basedir}/lib/hadoop-yarn-server-web-proxy-2.5.2.jar"/>
    <pathelement location="${basedir}/lib/hive-accumulo-handler-1.2.1.jar"/>
    <pathelement location="${basedir}/lib/hive-ant-1.2.1.jar"/>
    <pathelement location="${basedir}/lib/hive-beeline-1.2.1.jar"/>
    <pathelement location="${basedir}/lib/hive-cli-1.2.1.jar"/>
    <pathelement location="${basedir}/lib/hive-common-1.2.1.jar"/>
    <pathelement location="${basedir}/lib/hive-contrib-1.2.1.jar"/>
    <pathelement location="${basedir}/lib/hive-exec-1.2.1.jar"/>
    <pathelement location="${basedir}/lib/hive-hbase-handler-1.2.1.jar"/>
    <pathelement location="${basedir}/lib/hive-hwi-1.2.1.jar"/>
    <pathelement location="${basedir}/lib/hive-jdbc-1.2.1-standalone.jar"/>
    <pathelement location="${basedir}/lib/hive-jdbc-1.2.1.jar"/>
    <pathelement location="${basedir}/lib/hive-metastore-1.2.1.jar"/>
    <pathelement location="${basedir}/lib/hive-serde-1.2.1.jar"/>
    <pathelement location="${basedir}/lib/hive-service-1.2.1.jar"/>
    <pathelement location="${basedir}/lib/hive-shims-0.20S-1.2.1.jar"/>
    <pathelement location="${basedir}/lib/hive-shims-0.23-1.2.1.jar"/>
    <pathelement location="${basedir}/lib/hive-shims-1.2.1.jar"/>
    <pathelement location="${basedir}/lib/hive-shims-common-1.2.1.jar"/>
    <pathelement location="${basedir}/lib/hive-shims-scheduler-1.2.1.jar"/>
    <pathelement location="${basedir}/lib/hive-testutils-1.2.1.jar"/>
    <pathelement location="${basedir}/lib/jackson-core-asl-1.9.13.jar"/>
    <pathelement location="${basedir}/lib/jackson-jaxrs-1.9.13.jar"/>
    <pathelement location="${basedir}/lib/jackson-mapper-asl-1.9.13.jar"/>
    <pathelement location="${basedir}/lib/jackson-xc-1.9.13.jar"/>
    <pathelement location="${basedir}/lib/log4j-1.2.17.jar"/>
    <pathelement location="${basedir}/lib/mysql-connector-java-5.1.6.jar"/>
    <pathelement location="${basedir}/lib/protobuf-java-2.5.0.jar"/>
    <pathelement location="${basedir}/lib/slf4j-api-1.7.5.jar"/>
    <pathelement location="${basedir}/lib/slf4j-log4j12-1.7.5.jar"/>
    <pathelement location="${basedir}/lib/xmlenc-0.52.jar"/>
    <pathelement location="${basedir}/lib/zookeeper-3.4.6.jar"/>
  </path>
  
  
  <!-- Application Server Libraries -->
  <!-- Register Custom Compiler Taskdefs -->
  <property name="javac2.home" value="${idea.home}/lib"/>
  <path id="javac2.classpath">
    <fileset dir="${javac2.home}">
      <include name="javac2.jar"/>
      <include name="jdom.jar"/>
      <include name="asm-all*.jar"/>
      <include name="forms-*.jar"/>
    </fileset>
  </path>
  <target name="register.custom.compilers">
    <taskdef name="javac2" classname="com.intellij.ant.Javac2" classpathref="javac2.classpath"/>
    <taskdef name="instrumentIdeaExtensions" classname="com.intellij.ant.InstrumentIdeaExtensions" classpathref="javac2.classpath"/>
  </target>
  
  <!-- Modules -->
  
  <import file="${basedir}/module_mr.xml"/>
  
  <target name="init" description="Build initialization">
    <!-- Perform any build initialization in this target -->
  </target>
  
  <target name="clean" depends="clean.module.mr" description="cleanup all"/>
  
  <target name="build.modules" depends="init, clean, compile.module.mr" description="build all modules"/>
  
  <target name="init.artifacts">
    <property name="artifacts.temp.dir" value="${basedir}/__artifacts_temp"/>
    <property name="artifact.output.mr2:jar" value="${basedir}/out/artifacts/mr2_jar"/>
    <mkdir dir="${artifacts.temp.dir}"/>
    <property name="temp.jar.path.mr.jar" value="${artifacts.temp.dir}/mr.jar"/>
  </target>
  
  <target name="artifact.mr2:jar" depends="init.artifacts, compile.module.mr" description="Build &#39;mr2:jar&#39; artifact">
    <property name="artifact.temp.output.mr2:jar" value="${artifacts.temp.dir}/mr2_jar"/>
    <mkdir dir="${artifact.temp.output.mr2:jar}"/>
    <jar destfile="${temp.jar.path.mr.jar}" duplicate="preserve" filesetmanifest="mergewithoutmain">
      <zipfileset dir="${mr.output.dir}"/>
      <zipfileset src="${basedir}/lib/hadoop-hdfs-2.5.2.jar"/>
      <zipfileset src="${basedir}/lib/hive-ant-1.2.1.jar"/>
      <zipfileset src="${basedir}/lib/commons-logging-1.1.3.jar"/>
      <zipfileset src="${basedir}/lib/hadoop-distcp-2.5.1.jar"/>
      <zipfileset src="${basedir}/lib/avro-1.7.4.jar"/>
      <zipfileset src="${basedir}/lib/hadoop-yarn-server-web-proxy-2.5.2.jar"/>
      <zipfileset src="${basedir}/lib/hive-beeline-1.2.1.jar"/>
      <zipfileset src="${basedir}/lib/log4j-1.2.17.jar"/>
      <zipfileset src="${basedir}/lib/hadoop-mapreduce-client-hs-plugins-2.5.2.jar"/>
      <zipfileset src="${basedir}/lib/hive-service-1.2.1.jar"/>
      <zipfileset src="${basedir}/lib/hadoop-yarn-server-applicationhistoryservice-2.5.2.jar"/>
      <zipfileset src="${basedir}/lib/slf4j-log4j12-1.7.5.jar"/>
      <zipfileset src="${basedir}/lib/commons-lang-2.6.jar"/>
      <zipfileset src="${basedir}/lib/hive-shims-common-1.2.1.jar"/>
      <zipfileset src="${basedir}/lib/hadoop-yarn-applications-distributedshell-2.5.2.jar"/>
      <zipfileset src="${basedir}/lib/jackson-jaxrs-1.9.13.jar"/>
      <zipfileset src="${basedir}/lib/hadoop-mapreduce-client-app-2.5.2.jar"/>
      <zipfileset src="${basedir}/lib/hadoop-auth-2.5.2.jar"/>
      <zipfileset src="${basedir}/lib/hive-hbase-handler-1.2.1.jar"/>
      <zipfileset src="${basedir}/lib/hadoop-mapreduce-client-core-2.5.2.jar"/>
      <zipfileset src="${basedir}/lib/hadoop-mapreduce-client-jobclient-2.5.2-tests.jar"/>
      <zipfileset src="${basedir}/lib/jackson-mapper-asl-1.9.13.jar"/>
      <zipfileset src="${basedir}/lib/hadoop-yarn-server-nodemanager-2.5.2.jar"/>
      <zipfileset src="${basedir}/lib/hive-cli-1.2.1.jar"/>
      <zipfileset src="${basedir}/lib/hadoop-mapreduce-client-jobclient-2.5.2.jar"/>
      <zipfileset src="${basedir}/lib/hadoop-yarn-server-common-2.5.2.jar"/>
      <zipfileset src="${basedir}/lib/hive-shims-1.2.1.jar"/>
      <zipfileset src="${basedir}/lib/protobuf-java-2.5.0.jar"/>
      <zipfileset src="${basedir}/lib/guava-11.0.2.jar"/>
      <zipfileset src="${basedir}/lib/hadoop-common-2.5.2-tests.jar"/>
      <zipfileset src="${basedir}/lib/hive-shims-0.23-1.2.1.jar"/>
      <zipfileset src="${basedir}/lib/commons-configuration-1.6.jar"/>
      <zipfileset src="${basedir}/lib/hadoop-yarn-common-2.5.2.jar"/>
      <zipfileset src="${basedir}/lib/jackson-core-asl-1.9.13.jar"/>
      <zipfileset src="${basedir}/lib/hadoop-yarn-server-tests-2.5.2.jar"/>
      <zipfileset src="${basedir}/lib/xmlenc-0.52.jar"/>
      <zipfileset src="${basedir}/lib/hadoop-yarn-applications-unmanaged-am-launcher-2.5.2.jar"/>
      <zipfileset src="${basedir}/lib/hive-shims-scheduler-1.2.1.jar"/>
      <zipfileset src="${basedir}/lib/hadoop-mapreduce-client-shuffle-2.5.2.jar"/>
      <zipfileset src="${basedir}/lib/mysql-connector-java-5.1.6.jar"/>
      <zipfileset src="${basedir}/lib/hive-jdbc-1.2.1.jar"/>
      <zipfileset src="${basedir}/lib/commons-io-2.4.jar"/>
      <zipfileset src="${basedir}/lib/hadoop-mapreduce-client-hs-2.5.2.jar"/>
      <zipfileset src="${basedir}/lib/hadoop-nfs-2.5.2.jar"/>
      <zipfileset src="${basedir}/lib/hadoop-yarn-api-2.5.2.jar"/>
      <zipfileset src="${basedir}/lib/hadoop-yarn-server-resourcemanager-2.5.2.jar"/>
      <zipfileset src="${basedir}/lib/hive-serde-1.2.1.jar"/>
      <zipfileset src="${basedir}/lib/hive-jdbc-1.2.1-standalone.jar"/>
      <zipfileset src="${basedir}/lib/hadoop-mapreduce-client-common-2.5.2.jar"/>
      <zipfileset src="${basedir}/lib/commons-cli-1.2.jar"/>
      <zipfileset src="${basedir}/lib/IKAnalyzer2012_FF.jar"/>
      <zipfileset src="${basedir}/lib/slf4j-api-1.7.5.jar"/>
      <zipfileset src="${basedir}/lib/hive-exec-1.2.1.jar"/>
      <zipfileset src="${basedir}/lib/commons-collections-3.2.1.jar"/>
      <zipfileset src="${basedir}/lib/hadoop-common-2.5.2.jar"/>
      <zipfileset src="${basedir}/lib/hadoop-mapreduce-examples-2.5.2.jar"/>
      <zipfileset src="${basedir}/lib/zookeeper-3.4.6.jar"/>
      <zipfileset src="${basedir}/lib/commons-httpclient-3.1.jar"/>
      <zipfileset src="${basedir}/lib/dom4j-1.6.1.jar"/>
      <zipfileset src="${basedir}/lib/hadoop-hdfs-nfs-2.5.2.jar"/>
      <zipfileset src="${basedir}/lib/hive-hwi-1.2.1.jar"/>
      <zipfileset src="${basedir}/lib/hadoop-yarn-client-2.5.2.jar"/>
      <zipfileset src="${basedir}/lib/hive-metastore-1.2.1.jar"/>
      <zipfileset src="${basedir}/lib/hive-testutils-1.2.1.jar"/>
      <zipfileset src="${basedir}/lib/jackson-xc-1.9.13.jar"/>
      <zipfileset src="${basedir}/lib/hive-common-1.2.1.jar"/>
      <zipfileset src="${basedir}/lib/hadoop-hdfs-2.5.2-tests.jar"/>
      <zipfileset src="${basedir}/lib/commons-codec-1.4.jar"/>
      <zipfileset src="${basedir}/lib/hive-accumulo-handler-1.2.1.jar"/>
      <zipfileset src="${basedir}/lib/hive-shims-0.20S-1.2.1.jar"/>
      <zipfileset src="${basedir}/lib/hadoop-annotations-2.5.2.jar"/>
      <zipfileset src="${basedir}/lib/hive-contrib-1.2.1.jar"/>
    </jar>
    <copy file="${temp.jar.path.mr.jar}" tofile="${artifact.temp.output.mr2:jar}/mr.jar"/>
  </target>
  
  <target name="build.all.artifacts" depends="artifact.mr2:jar" description="Build all artifacts">
    <mkdir dir="${artifact.output.mr2:jar}"/>
    <copy todir="${artifact.output.mr2:jar}">
      <fileset dir="${artifact.temp.output.mr2:jar}"/>
    </copy>
    
    <!-- Delete temporary files -->
    <delete dir="${artifacts.temp.dir}"/>
  </target>
  
  <target name="all" depends="build.modules, build.all.artifacts" description="build all"/>
</project>