/*
Navicat MySQL Data Transfer

Source Server         : node03
Source Server Version : 50731
Source Host           : 192.168.120.143:3306
Source Database       : bigdatadb

Target Server Type    : MYSQL
Target Server Version : 50731
File Encoding         : 65001

Date: 2020-07-29 14:37:22
*/

SET FOREIGN_KEY_CHECKS=0;

-- ----------------------------
-- Table structure for bs
-- ----------------------------
DROP TABLE IF EXISTS `bs`;
CREATE TABLE `bs` (
  `cityname` varchar(255) DEFAULT NULL,
  `citycode` varchar(255) DEFAULT NULL,
  `date` varchar(255) DEFAULT NULL,
  `week` varchar(255) DEFAULT NULL,
  `weather` varchar(255) DEFAULT NULL,
  `temphigh` int(11) DEFAULT NULL,
  `templow` int(11) DEFAULT NULL,
  `humidity` int(11) DEFAULT NULL,
  `pressure` int(11) DEFAULT NULL,
  `windspeed` float(255,2) DEFAULT NULL,
  `winddirect` varchar(255) DEFAULT NULL,
  `windpower` varchar(255) DEFAULT NULL,
  `quality` varchar(255) DEFAULT NULL,
  ` rain` float(255,2) DEFAULT NULL
) ENGINE=InnoDB DEFAULT CHARSET=utf8;

-- ----------------------------
-- Records of bs
-- ----------------------------
INSERT INTO `bs` VALUES ('上海', '101020100', '2020-07-23', '星期三', '小雨', '35', '25', '94', '1000', '0.90', '西风', '0级', '良', '4.90');
INSERT INTO `bs` VALUES ('上海', '101020100', '2020-07-24', '星期四', '多云', '29', '24', '70', '1003', '4.90', '东南风', '5级', '良', '0.00');
INSERT INTO `bs` VALUES ('上海', '101020100', '2020-07-25', '星期六', '多云', '32', '25', '47', '1004', '0.10', '北风', '0级', '轻度污染', '0.00');
INSERT INTO `bs` VALUES ('上海', '101020100', '2020-07-26', '星期日', '阴', '30', '25', '70', '1006', '0.90', '东南风', '1级', '良', '0.00');
INSERT INTO `bs` VALUES ('上海', '101020100', '2020-07-27', '星期一', '小雨', '31', '28', '76', '1004', '0.90', '西风', '1级', '良', '5.14');
INSERT INTO `bs` VALUES ('上海', '101020100', '2020-07-28', '星期二', '小雨', '34', '27', '71', '1007', '0.10', '西风', '0级', '良', '2.47');
INSERT INTO `bs` VALUES ('上海', '101020100', '2020-07-29', '星期三', '阴', '34', '27', '77', '1009', '0.90', '东北风', '0级', '良', '0.00');
INSERT INTO `bs` VALUES ('北京', '101010100', '2020-07-23', '星期五', '多云', '35', '25', '94', '1000', '0.90', '西北风', '4级', '良', '0.00');
INSERT INTO `bs` VALUES ('北京', '101010100', '2020-07-24', '星期四', '晴', '29', '37', '24', '1000', '0.90', '西南风', '一级', '良', '0.00');
INSERT INTO `bs` VALUES ('北京', '101010100', '2020-07-25', '星期六', '多云', '35', '26', '36', '1000', '0.90', '西南风', '1级', '良', '0.00');
INSERT INTO `bs` VALUES ('北京', '101010100', '2020-07-26', '星期日', '小雨', '29', '23', '66', '1002', '2.40', '西南风', '2级', '优', '3.27');
INSERT INTO `bs` VALUES ('北京', '101010100', '2020-07-27', '星期一', '小雨', '25', '21', '85', '1002', '0.90', '东南风', '1级', '良', '2.43');
INSERT INTO `bs` VALUES ('北京', '101010100', '2020-07-28', '星期二', '阵雨', '32', '22', '94', '1003', '0.90', '东风', '1级', '轻度污染', '3.26');
INSERT INTO `bs` VALUES ('北京', '101010100', '2020-07-29', '星期三', '多云', '32', '24', '74', '1005', '2.40', '东北风', '3级', '良', '0.00');

-- ----------------------------
-- Table structure for humidity
-- ----------------------------
DROP TABLE IF EXISTS `humidity`;
CREATE TABLE `humidity` (
  `cityname` varchar(255) DEFAULT NULL,
  `citycode` varchar(255) DEFAULT NULL,
  `date` varchar(255) DEFAULT NULL,
  `week` varchar(255) DEFAULT NULL,
  `weather` varchar(255) DEFAULT NULL,
  `temphigh` int(11) DEFAULT NULL,
  `templow` int(11) DEFAULT NULL,
  `humidity` int(11) DEFAULT NULL,
  `pressure` int(11) DEFAULT NULL,
  `windspeed` float(255,2) DEFAULT NULL,
  `winddirect` varchar(255) DEFAULT NULL,
  `windpower` varchar(255) DEFAULT NULL,
  `quality` varchar(255) DEFAULT NULL,
  ` rain` float(255,2) DEFAULT NULL
) ENGINE=InnoDB DEFAULT CHARSET=utf8;

-- ----------------------------
-- Records of humidity
-- ----------------------------
INSERT INTO `humidity` VALUES ('三门峡', '101181701', '2020-07-25', '星期六', '小雨', '23', '20', '100', '943', '2.40', '西北风', '2级', '优', '8.24');
INSERT INTO `humidity` VALUES ('渭南', '101110501', '2020-07-25', '星期六', '小雨', '23', '19', '100', '936', '2.40', '西北风', '2级', '优', '6.15');
INSERT INTO `humidity` VALUES ('临安市', '101210107', '2020-07-25', '星期六', '小雨', '28', '21', '99', '993', '2.40', '东北风', '2级', '优', '8.15');
INSERT INTO `humidity` VALUES ('西安', '101110101', '2020-07-25', '星期六', '小雨', '23', '20', '99', '963', '2.40', '南风', '2级', '优', '1.72');
INSERT INTO `humidity` VALUES ('绵阳', '101270401', '2020-07-25', '星期六', '暴雨', '27', '21', '97', '946', '2.40', '东北风', '2级', '优', '96.46');
INSERT INTO `humidity` VALUES ('德阳', '101272001', '2020-07-25', '星期六', '中雨', '26', '21', '97', '945', '2.40', '东风', '2级', '优', '18.70');
INSERT INTO `humidity` VALUES ('诸暨市', '101210502', '2020-07-25', '星期六', '小雨', '30', '24', '96', '1002', '2.40', '北风', '2级', '优', '3.70');
INSERT INTO `humidity` VALUES ('岳阳', '101251001', '2020-07-25', '星期六', '多云', '30', '25', '96', '999', '2.40', '西风', '2级', '良', '0.00');
INSERT INTO `humidity` VALUES ('铜川', '101111001', '2020-07-25', '星期六', '小雨', '23', '18', '96', '927', '2.40', '南风', '2级', '优', '3.48');
INSERT INTO `humidity` VALUES ('杭州', '101210101', '2020-07-25', '星期六', '小雨', '29', '22', '95', '1002', '2.40', '西南风', '2级', '优', '6.02');
INSERT INTO `humidity` VALUES ('温州', '101210701', '2020-07-25', '星期六', '阵雨', '32', '26', '94', '1003', '0.90', '西南风', '1级', '良', '26.49');
INSERT INTO `humidity` VALUES ('咸阳', '101110200', '2020-07-25', '星期六', '小雨', '24', '20', '94', '959', '2.40', '西南风', '2级', '优', '2.51');
INSERT INTO `humidity` VALUES ('南充', '101270501', '2020-07-25', '星期六', '大雨', '29', '22', '93', '963', '4.10', '北风', '3级', '优', '0.00');
INSERT INTO `humidity` VALUES ('宝鸡', '101110901', '2020-07-25', '星期六', '小雨', '24', '20', '93', '940', '0.90', '西北风', '1级', '优', '7.29');
INSERT INTO `humidity` VALUES ('太原', '101100101', '2020-07-25', '星期六', '小雨', '26', '19', '92', '923', '0.90', '西南风', '1级', '优', '6.10');
INSERT INTO `humidity` VALUES ('义乌市', '101210904', '2020-07-25', '星期六', '小雨', '32', '24', '91', '996', '2.40', '西北风', '2级', '良', '1.10');
INSERT INTO `humidity` VALUES ('成都', '101270101', '2020-07-25', '星期六', '中雨', '27', '21', '91', '947', '2.40', '东北风', '2级', '优', '21.77');
INSERT INTO `humidity` VALUES ('福州', '101230101', '2020-07-25', '星期六', '小雨', '35', '28', '90', '997', '0.90', '西南风', '1级', '优', '4.67');
INSERT INTO `humidity` VALUES ('衢州', '101211001', '2020-07-25', '星期六', '阵雨', '32', '25', '89', '997', '2.40', '东风', '2级', '优', '7.93');
INSERT INTO `humidity` VALUES ('延安', '101110300', '2020-07-25', '星期六', '小雨', '27', '17', '88', '917', '2.40', '东风', '2级', '优', '1.15');
INSERT INTO `humidity` VALUES ('台州', '101210601', '2020-07-25', '星期六', '小雨', '29', '26', '87', '1005', '2.40', '东南风', '2级', '良', '0.69');
INSERT INTO `humidity` VALUES ('金华', '101210901', '2020-07-25', '星期六', '阵雨', '30', '25', '86', '999', '0.90', '东风', '1级', '良', '7.91');
INSERT INTO `humidity` VALUES ('绍兴', '101210501', '2020-07-25', '星期六', '小雨', '29', '23', '86', '1005', '0.90', '西北风', '1级', '良', '1.17');
INSERT INTO `humidity` VALUES ('泉州', '101230501', '2020-07-25', '星期六', '多云', '35', '28', '85', '995', '2.40', '东北风', '2级', '轻度污染', '0.00');
INSERT INTO `humidity` VALUES ('鄂尔多斯', '101080701', '2020-07-25', '星期六', '小雨', '22', '15', '85', '849', '2.40', '南风', '2级', '良', '6.68');
INSERT INTO `humidity` VALUES ('宜宾', '101271101', '2020-07-25', '星期六', '阴', '29', '22', '83', '948', '2.40', '北风', '2级', '良', '0.00');
INSERT INTO `humidity` VALUES ('自贡', '101270301', '2020-07-25', '星期六', '阵雨', '28', '23', '81', '961', '0.90', '西北风', '1级', '优', '22.90');
INSERT INTO `humidity` VALUES ('遵义', '101260201', '2020-07-25', '星期六', '多云', '32', '23', '80', '881', '2.40', '西风', '2级', '优', '0.00');
INSERT INTO `humidity` VALUES ('营口', '101070801', '2020-07-25', '星期六', '晴', '31', '23', '78', '1004', '4.10', '西风', '3级', '轻度污染', '0.00');
INSERT INTO `humidity` VALUES ('包头', '101080201', '2020-07-25', '星期六', '小雨', '25', '17', '78', '895', '2.40', '东南风', '2级', '优', '2.42');
INSERT INTO `humidity` VALUES ('丽水', '101210801', '2020-07-25', '星期六', '阵雨', '31', '25', '76', '998', '0.10', '西南风', '0级', '优', '26.39');
INSERT INTO `humidity` VALUES ('湖州', '101210201', '2020-07-25', '星期六', '阴', '27', '20', '76', '1005', '2.40', '西北风', '2级', '优', '0.00');
INSERT INTO `humidity` VALUES ('常德', '101250601', '2020-07-25', '星期六', '多云', '32', '24', '75', '988', '0.10', '东风', '0级', '优', '0.00');
INSERT INTO `humidity` VALUES ('宜昌', '101200901', '2020-07-25', '星期六', '阴', '28', '23', '75', '976', '2.40', '南风', '2级', '良', '0.00');
INSERT INTO `humidity` VALUES ('大同', '101100201', '2020-07-25', '星期六', '小雨', '27', '18', '75', '893', '0.90', '东风', '1级', '良', '2.10');
INSERT INTO `humidity` VALUES ('宁波', '101210401', '2020-07-25', '星期六', '小雨', '30', '24', '74', '1005', '2.40', '南风', '2级', '优', '5.69');
INSERT INTO `humidity` VALUES ('长治', '101100501', '2020-07-25', '星期六', '多云', '25', '17', '74', '892', '2.40', '北风', '2级', '良', '0.00');
INSERT INTO `humidity` VALUES ('荆州', '101200801', '2020-07-25', '星期六', '多云', '29', '24', '73', '1002', '2.40', '东北风', '2级', '优', '0.00');
INSERT INTO `humidity` VALUES ('汕尾', '101282101', '2020-07-25', '星期六', '多云', '33', '28', '72', '1004', '4.10', '西南风', '3级', '优', '0.00');
INSERT INTO `humidity` VALUES ('泸州', '101271001', '2020-07-25', '星期六', '阵雨', '32', '22', '72', '967', '2.40', '北风', '2级', '优', '4.74');
INSERT INTO `humidity` VALUES ('张家港市', '101190403', '2020-07-25', '星期六', '多云', '31', '23', '72', '1004', '0.90', '西北风', '1级', '良', '0.00');
INSERT INTO `humidity` VALUES ('九江', '101240201', '2020-07-25', '星期六', '阵雨', '30', '23', '72', '998', '2.40', '北风', '2级', '优', '29.04');
INSERT INTO `humidity` VALUES ('武汉', '101200101', '2020-07-25', '星期六', '多云', '29', '24', '71', '1003', '0.90', '西北风', '1级', '良', '0.00');
INSERT INTO `humidity` VALUES ('秦皇岛', '101091101', '2020-07-25', '星期六', '晴', '33', '23', '70', '1004', '2.40', '西南风', '2级', '轻度污染', '0.00');
INSERT INTO `humidity` VALUES ('南昌', '101240101', '2020-07-25', '星期六', '中雨', '33', '26', '70', '1000', '2.40', '东北风', '2级', '良', '10.90');
INSERT INTO `humidity` VALUES ('芜湖', '101220301', '2020-07-25', '星期六', '小雨', '30', '21', '70', '1001', '2.40', '东南风', '2级', '优', '7.38');
INSERT INTO `humidity` VALUES ('舟山', '101211101', '2020-07-25', '星期六', '阴', '28', '23', '70', '1002', '2.40', '南风', '2级', '优', '0.00');
INSERT INTO `humidity` VALUES ('呼和浩特', '101080101', '2020-07-25', '星期六', '小雨', '26', '17', '70', '880', '4.10', '西南风', '3级', '优', '0.94');
INSERT INTO `humidity` VALUES ('石家庄', '101090101', '2020-07-25', '星期六', '阴', '32', '23', '68', '992', '6.70', '南风', '4级', '良', '0.00');
INSERT INTO `humidity` VALUES ('徐州', '101190801', '2020-07-25', '星期六', '多云', '31', '23', '68', '1001', '0.90', '西北风', '1级', '良', '0.00');
INSERT INTO `humidity` VALUES ('长沙', '101250101', '2020-07-25', '星期六', '多云', '36', '27', '67', '993', '2.40', '西北风', '2级', '良', '0.00');
INSERT INTO `humidity` VALUES ('镇江', '101190301', '2020-07-25', '星期六', '多云', '31', '23', '67', '1003', '2.40', '东风', '2级', '良', '0.00');
INSERT INTO `humidity` VALUES ('宿迁', '101191301', '2020-07-25', '星期六', '多云', '30', '21', '67', '1002', '0.90', '东北风', '1级', '良', '0.00');
INSERT INTO `humidity` VALUES ('阳泉', '101100301', '2020-07-25', '星期六', '小雨', '28', '19', '67', '921', '4.10', '西南风', '3级', '良', '3.11');
INSERT INTO `humidity` VALUES ('厦门', '101230201', '2020-07-25', '星期六', '多云', '36', '27', '66', '990', '0.90', '东南风', '1级', '优', '0.00');
INSERT INTO `humidity` VALUES ('阳江', '101281801', '2020-07-25', '星期六', '多云', '35', '28', '66', '996', '4.10', '南风', '3级', '优', '0.00');
INSERT INTO `humidity` VALUES ('北海', '101301301', '2020-07-25', '星期六', '多云', '33', '28', '66', '1005', '2.40', '西南风', '2级', '优', '0.00');
INSERT INTO `humidity` VALUES ('邢台', '101090901', '2020-07-25', '星期六', '多云', '32', '24', '66', '984', '0.90', '西北风', '1级', '良', '0.00');
INSERT INTO `humidity` VALUES ('常熟市', '101190402', '2020-07-25', '星期六', '多云', '31', '25', '66', '1005', '0.90', '北风', '1级', '轻度污染', '0.00');
INSERT INTO `humidity` VALUES ('泰州', '101191201', '2020-07-25', '星期六', '多云', '30', '21', '66', '1005', '2.40', '北风', '2级', '良', '0.00');
INSERT INTO `humidity` VALUES ('马鞍山', '101220501', '2020-07-25', '星期六', '阴', '30', '22', '66', '997', '2.40', '西北风', '2级', '良', '0.00');
INSERT INTO `humidity` VALUES ('常州', '101191101', '2020-07-25', '星期六', '多云', '31', '23', '65', '1005', '4.10', '西北风', '3级', '轻度污染', '0.00');
INSERT INTO `humidity` VALUES ('太仓市', '101190408', '2020-07-25', '星期六', '多云', '31', '21', '65', '1004', '2.40', '西北风', '2级', '中度污染', '0.00');
INSERT INTO `humidity` VALUES ('平顶山', '101180501', '2020-07-25', '星期六', '小雨', '26', '21', '65', '990', '2.40', '南风', '2级', '良', '8.12');
INSERT INTO `humidity` VALUES ('三亚', '101310201', '2020-07-25', '星期六', '多云', '33', '27', '64', '1005', '2.40', '南风', '2级', '优', '0.00');
INSERT INTO `humidity` VALUES ('湘潭', '101250201', '2020-07-25', '星期六', '晴', '36', '27', '63', '997', '0.90', '西南风', '1级', '良', '0.00');
INSERT INTO `humidity` VALUES ('张家界', '101251101', '2020-07-25', '星期六', '多云', '35', '25', '63', '979', '2.40', '东南风', '2级', '优', '0.00');
INSERT INTO `humidity` VALUES ('深圳', '101280601', '2020-07-25', '星期六', '晴', '34', '28', '63', '999', '2.40', '西南风', '2级', '优', '0.00');
INSERT INTO `humidity` VALUES ('哈尔滨', '101050101', '2020-07-25', '星期六', '晴', '31', '22', '63', '993', '2.40', '东风', '2级', '良', '0.00');
INSERT INTO `humidity` VALUES ('淮安', '101190908', '2020-07-25', '星期六', '多云', '30', '21', '63', '1005', '2.40', '东风', '2级', '良', '0.00');
INSERT INTO `humidity` VALUES ('扬州', '101190601', '2020-07-25', '星期六', '多云', '30', '21', '63', '1005', '0.90', '东北风', '1级', '良', '0.00');
INSERT INTO `humidity` VALUES ('南通', '101190501', '2020-07-25', '星期六', '多云', '29', '20', '63', '1005', '2.40', '西风', '2级', '良', '0.00');
INSERT INTO `humidity` VALUES ('洛阳', '101180901', '2020-07-25', '星期六', '小雨', '27', '21', '63', '969', '2.40', '西南风', '2级', '优', '2.11');
INSERT INTO `humidity` VALUES ('句容市', '101190304', '2020-07-25', '星期六', '多云', '31', '23', '62', '1001', '2.40', '东北风', '2级', '轻度污染', '0.00');
INSERT INTO `humidity` VALUES ('溧阳市', '101191102', '2020-07-25', '星期六', '多云', '31', '23', '62', '1005', '2.40', '西南风', '2级', '良', '0.00');
INSERT INTO `humidity` VALUES ('丹东', '101070601', '2020-07-25', '星期六', '晴', '30', '20', '62', '1004', '4.10', '西南风', '3级', '优', '0.00');
INSERT INTO `humidity` VALUES ('贵阳', '101260101', '2020-07-25', '星期六', '多云', '30', '22', '62', '872', '2.40', '西南风', '2级', '优', '0.00');
INSERT INTO `humidity` VALUES ('日照', '101121501', '2020-07-25', '星期六', '阴', '28', '22', '62', '999', '2.40', '南风', '2级', '良', '0.00');
INSERT INTO `humidity` VALUES ('衡水', '101090801', '2020-07-25', '星期六', '阴', '35', '24', '61', '1002', '0.90', '南风', '1级', '良', '0.00');
INSERT INTO `humidity` VALUES ('珠海', '101280701', '2020-07-25', '星期六', '晴', '35', '28', '61', '1000', '2.40', '西南风', '2级', '优', '0.00');
INSERT INTO `humidity` VALUES ('聊城', '101121701', '2020-07-25', '星期六', '多云', '33', '24', '61', '1001', '0.90', '南风', '1级', '良', '0.00');
INSERT INTO `humidity` VALUES ('牡丹江', '101050301', '2020-07-25', '星期六', '多云', '30', '16', '61', '974', '2.40', '西北风', '2级', '优', '0.00');
INSERT INTO `humidity` VALUES ('宜兴市', '101190203', '2020-07-25', '星期六', '阴', '30', '23', '61', '1003', '2.40', '东南风', '2级', '良', '0.00');
INSERT INTO `humidity` VALUES ('连云港', '101191001', '2020-07-25', '星期六', '晴', '30', '21', '61', '1005', '2.40', '东风', '2级', '良', '0.00');
INSERT INTO `humidity` VALUES ('烟台', '101120501', '2020-07-25', '星期六', '晴', '29', '21', '61', '996', '2.40', '东北风', '2级', '优', '0.00');
INSERT INTO `humidity` VALUES ('柳州', '101300301', '2020-07-25', '星期六', '多云', '34', '26', '60', '971', '6.70', '南风', '4级', '优', '0.00');
INSERT INTO `humidity` VALUES ('江阴市', '101190202', '2020-07-25', '星期六', '多云', '31', '23', '60', '1005', '4.10', '东风', '3级', '轻度污染', '0.00');
INSERT INTO `humidity` VALUES ('嘉兴', '101210301', '2020-07-25', '星期六', '阴', '28', '23', '60', '1005', '2.40', '南风', '2级', '良', '0.00');
INSERT INTO `humidity` VALUES ('保定', '101090201', '2020-07-25', '星期六', '多云', '33', '23', '59', '1002', '2.40', '西南风', '2级', '良', '0.00');
INSERT INTO `humidity` VALUES ('枣庄', '101121401', '2020-07-25', '星期六', '多云', '32', '23', '59', '997', '0.90', '东北风', '1级', '轻度污染', '0.00');
INSERT INTO `humidity` VALUES ('海门市', '101190508', '2020-07-25', '星期六', '多云', '29', '23', '59', '1005', '2.40', '北风', '2级', '良', '0.00');
INSERT INTO `humidity` VALUES ('南京', '101190101', '2020-07-25', '星期六', '多云', '29', '21', '59', '1001', '0.90', '北风', '1级', '轻度污染', '0.00');
INSERT INTO `humidity` VALUES ('合肥', '101220101', '2020-07-25', '星期六', '多云', '28', '22', '59', '999', '2.40', '东风', '2级', '良', '0.00');
INSERT INTO `humidity` VALUES ('拉萨', '101140101', '2020-07-25', '星期六', '中雨', '23', '12', '59', '658', '2.40', '西风', '2级', '优', '19.06');
INSERT INTO `humidity` VALUES ('株洲', '101250301', '2020-07-25', '星期六', '晴', '37', '28', '58', '995', '2.40', '西南风', '2级', '良', '0.00');
INSERT INTO `humidity` VALUES ('海口', '101310101', '2020-07-25', '星期六', '多云', '34', '26', '58', '999', '2.40', '北风', '2级', '优', '0.00');
INSERT INTO `humidity` VALUES ('临汾', '101100701', '2020-07-25', '星期六', '小雨', '28', '22', '58', '956', '2.40', '东北风', '2级', '优', '6.44');
INSERT INTO `humidity` VALUES ('张家口', '101090301', '2020-07-25', '星期六', '阵雨', '26', '18', '58', '919', '0.10', '北风', '0级', '良', '5.40');
INSERT INTO `humidity` VALUES ('邯郸', '101091001', '2020-07-25', '星期六', '多云', '34', '23', '57', '997', '0.90', '南风', '1级', '良', '0.00');
INSERT INTO `humidity` VALUES ('重庆', '101040100', '2020-07-25', '星期六', '中雨', '33', '26', '57', '970', '2.40', '西北风', '2级', '良', '17.72');
INSERT INTO `humidity` VALUES ('青岛', '101120201', '2020-07-25', '星期六', '晴', '29', '22', '57', '997', '2.40', '南风', '2级', '优', '0.00');
INSERT INTO `humidity` VALUES ('潮州', '101281501', '2020-07-25', '星期六', '多云', '37', '26', '56', '998', '0.90', '西风', '1级', '良', '0.00');
INSERT INTO `humidity` VALUES ('东莞', '101281601', '2020-07-25', '星期六', '多云', '37', '28', '56', '999', '2.40', '南风', '2级', '轻度污染', '0.00');
INSERT INTO `humidity` VALUES ('揭阳', '101281901', '2020-07-25', '星期六', '多云', '37', '26', '56', '1000', '0.90', '东北风', '1级', '良', '0.00');
INSERT INTO `humidity` VALUES ('汕头', '101280501', '2020-07-25', '星期六', '多云', '36', '28', '56', '1005', '2.40', '西风', '2级', '优', '0.00');
INSERT INTO `humidity` VALUES ('湛江', '101281001', '2020-07-25', '星期六', '晴', '34', '27', '56', '999', '4.10', '西风', '3级', '优', '0.00');
INSERT INTO `humidity` VALUES ('临沂', '101120901', '2020-07-25', '星期六', '多云', '31', '22', '56', '991', '0.10', '西南风', '0级', '轻度污染', '0.00');
INSERT INTO `humidity` VALUES ('苏州', '101190401', '2020-07-25', '星期六', '多云', '31', '23', '56', '1004', '2.40', '西风', '2级', '轻度污染', '0.00');
INSERT INTO `humidity` VALUES ('济宁', '101120701', '2020-07-25', '星期六', '多云', '30', '23', '56', '1001', '0.90', '西北风', '1级', '轻度污染', '0.00');
INSERT INTO `humidity` VALUES ('胶南市', '101120206', '2020-07-25', '星期六', '晴', '30', '21', '56', '1004', '2.40', '东风', '2级', '良', '0.00');
INSERT INTO `humidity` VALUES ('威海', '101121301', '2020-07-25', '星期六', '多云', '28', '20', '56', '998', '6.70', '北风', '4级', '优', '0.00');
INSERT INTO `humidity` VALUES ('兰州', '101160101', '2020-07-25', '星期六', '小雨', '28', '16', '56', '846', '4.10', '东风', '3级', '优', '1.95');
INSERT INTO `humidity` VALUES ('莱芜', '101121601', '2020-07-25', '星期六', '晴', '33', '24', '55', '979', '2.40', '西北风', '2级', '轻度污染', '0.00');
INSERT INTO `humidity` VALUES ('泰安', '101120801', '2020-07-25', '星期六', '多云', '32', '22', '55', '991', '2.40', '西风', '2级', '良', '0.00');
INSERT INTO `humidity` VALUES ('石嘴山', '101170201', '2020-07-25', '星期六', '晴', '31', '17', '55', '882', '2.40', '东南风', '2级', '优', '0.00');
INSERT INTO `humidity` VALUES ('无锡', '101190201', '2020-07-25', '星期六', '多云', '31', '23', '55', '1005', '0.10', '北风', '0级', '轻度污染', '0.00');
INSERT INTO `humidity` VALUES ('西宁', '101150101', '2020-07-25', '星期六', '阵雨', '24', '10', '55', '760', '6.70', '东南风', '4级', '优', '4.76');
INSERT INTO `humidity` VALUES ('广州', '101280101', '2020-07-25', '星期六', '晴', '37', '29', '54', '1001', '0.10', '南风', '0级', '良', '0.00');
INSERT INTO `humidity` VALUES ('昆明', '101290101', '2020-07-25', '星期六', '多云', '27', '18', '54', '809', '4.10', '西南风', '3级', '优', '0.00');
INSERT INTO `humidity` VALUES ('荣成市', '101121303', '2020-07-25', '星期六', '多云', '28', '20', '53', '998', '6.70', '北风', '4级', '良', '0.00');
INSERT INTO `humidity` VALUES ('韶关', '101280201', '2020-07-25', '星期六', '多云', '38', '27', '52', '990', '4.10', '南风', '3级', '良', '0.00');
INSERT INTO `humidity` VALUES ('中山', '101281701', '2020-07-25', '星期六', '晴', '37', '27', '52', '1001', '2.40', '南风', '2级', '优', '0.00');
INSERT INTO `humidity` VALUES ('惠州', '101280301', '2020-07-25', '星期六', '多云', '37', '26', '52', '1001', '0.90', '南风', '1级', '良', '0.00');
INSERT INTO `humidity` VALUES ('安阳', '101180201', '2020-07-25', '星期六', '多云', '34', '24', '52', '983', '0.10', '北风', '0级', '良', '0.00');
INSERT INTO `humidity` VALUES ('昆山市', '101190404', '2020-07-25', '星期六', '多云', '31', '25', '52', '1005', '0.90', '西北风', '1级', '轻度污染', '0.00');
INSERT INTO `humidity` VALUES ('乳山市', '101121304', '2020-07-25', '星期六', '多云', '31', '20', '52', '1000', '2.40', '东北风', '2级', '良', '0.00');
INSERT INTO `humidity` VALUES ('玉溪', '101290701', '2020-07-25', '星期六', '多云', '29', '19', '52', '826', '4.10', '南风', '3级', '优', '0.00');
INSERT INTO `humidity` VALUES ('清远', '101281301', '2020-07-25', '星期六', '多云', '37', '27', '51', '996', '2.40', '南风', '2级', '良', '0.00');
INSERT INTO `humidity` VALUES ('章丘市', '101120104', '2020-07-25', '星期六', '晴', '33', '25', '51', '976', '2.40', '西北风', '2级', '轻度污染', '0.00');
INSERT INTO `humidity` VALUES ('菏泽', '101121001', '2020-07-25', '星期六', '多云', '32', '22', '51', '999', '2.40', '西北风', '2级', '良', '0.00');
INSERT INTO `humidity` VALUES ('文登市', '101121302', '2020-07-25', '星期六', '多云', '30', '20', '51', '992', '6.70', '北风', '4级', '良', '0.00');
INSERT INTO `humidity` VALUES ('茂名', '101282001', '2020-07-25', '星期六', '晴', '36', '26', '50', '1002', '2.40', '西南风', '2级', '优', '0.00');
INSERT INTO `humidity` VALUES ('肇庆', '101280901', '2020-07-25', '星期六', '晴', '38', '27', '49', '998', '2.40', '南风', '2级', '优', '0.00');
INSERT INTO `humidity` VALUES ('河源', '101281201', '2020-07-25', '星期六', '多云', '37', '28', '49', '997', '2.40', '南风', '2级', '良', '0.00');
INSERT INTO `humidity` VALUES ('寿光市', '101120603', '2020-07-25', '星期六', '晴', '34', '23', '49', '1002', '2.40', '北风', '2级', '轻度污染', '0.00');
INSERT INTO `humidity` VALUES ('济南', '101120101', '2020-07-25', '星期六', '晴', '34', '25', '49', '986', '2.40', '西风', '2级', '轻度污染', '0.00');
INSERT INTO `humidity` VALUES ('开封', '101180801', '2020-07-25', '星期六', '多云', '29', '23', '48', '997', '2.40', '西南风', '2级', '良', '0.00');
INSERT INTO `humidity` VALUES ('曲靖', '101290401', '2020-07-25', '星期六', '晴', '28', '18', '48', '807', '6.70', '西南风', '4级', '优', '0.00');
INSERT INTO `humidity` VALUES ('上海', '101020100', '2020-07-25', '星期六', '多云', '32', '25', '47', '1004', '0.10', '北风', '0级', '轻度污染', '0.00');
INSERT INTO `humidity` VALUES ('胶州市', '101120205', '2020-07-25', '星期六', '晴', '31', '20', '47', '995', '4.10', '东南风', '3级', '良', '0.00');
INSERT INTO `humidity` VALUES ('盐城', '101190701', '2020-07-25', '星期六', '多云', '29', '21', '47', '1005', '2.40', '北风', '2级', '良', '0.00');
INSERT INTO `humidity` VALUES ('佛山', '101280801', '2020-07-25', '星期六', '晴', '38', '29', '46', '1002', '2.40', '西风', '2级', '良', '0.00');
INSERT INTO `humidity` VALUES ('梅州', '101280401', '2020-07-25', '星期六', '多云', '38', '27', '46', '992', '2.40', '东南风', '2级', '良', '0.00');
INSERT INTO `humidity` VALUES ('江门', '101281101', '2020-07-25', '星期六', '晴', '37', '28', '46', '1001', '2.40', '西北风', '2级', '优', '0.00');
INSERT INTO `humidity` VALUES ('南宁', '101300101', '2020-07-25', '星期六', '多云', '36', '26', '46', '983', '0.10', '东南风', '0级', '优', '0.00');
INSERT INTO `humidity` VALUES ('桂林', '101300501', '2020-07-25', '星期六', '多云', '36', '27', '45', '986', '4.10', '南风', '3级', '优', '0.00');
INSERT INTO `humidity` VALUES ('德州', '101120401', '2020-07-25', '星期六', '多云', '36', '24', '45', '1002', '2.40', '西南风', '2级', '良', '0.00');
INSERT INTO `humidity` VALUES ('滨州', '101121101', '2020-07-25', '星期六', '多云', '34', '24', '45', '1002', '2.40', '西北风', '2级', '良', '0.00');
INSERT INTO `humidity` VALUES ('鞍山', '101070301', '2020-07-25', '星期六', '晴', '34', '25', '45', '995', '2.40', '西北风', '2级', '轻度污染', '0.00');
INSERT INTO `humidity` VALUES ('大庆', '101050901', '2020-07-25', '星期六', '多云', '33', '23', '45', '988', '4.10', '南风', '3级', '良', '0.00');
INSERT INTO `humidity` VALUES ('莱西市', '101120207', '2020-07-25', '星期六', '晴', '32', '19', '45', '996', '2.40', '东风', '2级', '良', '0.00');
INSERT INTO `humidity` VALUES ('郑州', '101180101', '2020-07-25', '星期六', '阴', '30', '22', '45', '993', '2.40', '东南风', '2级', '良', '0.00');
INSERT INTO `humidity` VALUES ('葫芦岛', '101071401', '2020-07-25', '星期六', '晴', '35', '23', '44', '1003', '4.10', '南风', '3级', '轻度污染', '0.00');
INSERT INTO `humidity` VALUES ('即墨市', '101120204', '2020-07-25', '星期六', '晴', '32', '20', '44', '999', '2.40', '东风', '2级', '良', '0.00');
INSERT INTO `humidity` VALUES ('招远市', '101120506', '2020-07-25', '星期六', '晴', '32', '20', '44', '991', '2.40', '东南风', '2级', '良', '0.00');
INSERT INTO `humidity` VALUES ('淄博', '101120301', '2020-07-25', '星期六', '晴', '32', '25', '43', '1001', '2.40', '北风', '2级', '轻度污染', '0.00');
INSERT INTO `humidity` VALUES ('唐山', '101090501', '2020-07-25', '星期六', '多云', '37', '25', '42', '1001', '4.10', '西南风', '3级', '轻度污染', '0.00');
INSERT INTO `humidity` VALUES ('齐齐哈尔', '101050201', '2020-07-25', '星期六', '多云', '35', '23', '42', '988', '2.40', '东南风', '2级', '良', '0.00');
INSERT INTO `humidity` VALUES ('库尔勒', '101130601', '2020-07-25', '星期六', '晴', '34', '23', '42', '907', '2.40', '西南风', '2级', '良', '0.00');
INSERT INTO `humidity` VALUES ('克拉玛依', '101130201', '2020-07-25', '星期六', '晴', '33', '23', '42', '960', '4.10', '北风', '3级', '优', '0.00');
INSERT INTO `humidity` VALUES ('潍坊', '101120601', '2020-07-25', '星期六', '晴', '32', '23', '42', '1002', '0.90', '北风', '1级', '轻度污染', '0.00');
INSERT INTO `humidity` VALUES ('云浮', '101281401', '2020-07-25', '星期六', '多云', '38', '27', '41', '993', '0.90', '西南风', '1级', '优', '0.00');
INSERT INTO `humidity` VALUES ('攀枝花', '101270201', '2020-07-25', '星期六', '阴', '34', '23', '41', '870', '2.40', '东风', '2级', '优', '0.00');
INSERT INTO `humidity` VALUES ('盘锦', '101071301', '2020-07-25', '星期六', '晴', '32', '23', '41', '1003', '0.10', '北风', '0级', '良', '0.00');
INSERT INTO `humidity` VALUES ('平度市', '101120208', '2020-07-25', '星期六', '晴', '32', '20', '41', '998', '0.90', '西风', '1级', '良', '0.00');
INSERT INTO `humidity` VALUES ('大连', '101070201', '2020-07-25', '星期六', '晴', '30', '22', '41', '995', '2.40', '南风', '2级', '良', '0.00');
INSERT INTO `humidity` VALUES ('沧州', '101090701', '2020-07-25', '星期六', '多云', '35', '25', '40', '1003', '0.90', '西南风', '1级', '良', '0.00');
INSERT INTO `humidity` VALUES ('焦作', '101181101', '2020-07-25', '星期六', '阴', '31', '23', '39', '992', '0.90', '西南风', '1级', '良', '0.00');
INSERT INTO `humidity` VALUES ('沈阳', '101070101', '2020-07-25', '星期六', '晴', '35', '22', '38', '998', '2.40', '东风', '2级', '良', '0.00');
INSERT INTO `humidity` VALUES ('抚顺', '101070401', '2020-07-25', '星期六', '晴', '35', '20', '38', '990', '0.90', '东北风', '1级', '良', '0.00');
INSERT INTO `humidity` VALUES ('本溪', '101070501', '2020-07-25', '星期六', '晴', '34', '19', '37', '982', '0.90', '东风', '1级', '良', '0.00');
INSERT INTO `humidity` VALUES ('东营', '101121201', '2020-07-25', '星期六', '多云', '34', '25', '37', '1003', '2.40', '东北风', '2级', '轻度污染', '0.00');
INSERT INTO `humidity` VALUES ('吉林市', '101060201', '2020-07-25', '星期六', '晴', '32', '20', '37', '973', '4.10', '东风', '3级', '优', '0.00');
INSERT INTO `humidity` VALUES ('北京', '101010100', '2020-07-25', '星期六', '多云', '35', '26', '36', '1000', '0.90', '西南风', '1级', '良', '0.00');
INSERT INTO `humidity` VALUES ('莱州市', '101120502', '2020-07-25', '星期六', '晴', '33', '23', '36', '999', '2.40', '南风', '2级', '良', '0.00');
INSERT INTO `humidity` VALUES ('锦州', '101070701', '2020-07-25', '星期六', '晴', '36', '24', '34', '996', '4.10', '南风', '3级', '轻度污染', '0.00');
INSERT INTO `humidity` VALUES ('银川', '101170101', '2020-07-25', '星期六', '晴', '33', '19', '34', '883', '0.90', '东南风', '1级', '优', '0.00');
INSERT INTO `humidity` VALUES ('乌鲁木齐', '101130101', '2020-07-25', '星期六', '晴', '32', '22', '34', '907', '4.10', '西北风', '3级', '良', '0.00');
INSERT INTO `humidity` VALUES ('廊坊', '101090601', '2020-07-25', '星期六', '多云', '37', '26', '31', '1002', '0.90', '西北风', '1级', '轻度污染', '0.00');
INSERT INTO `humidity` VALUES ('长春', '101060101', '2020-07-25', '星期六', '多云', '33', '20', '31', '979', '4.10', '东风', '3级', '优', '0.00');
INSERT INTO `humidity` VALUES ('承德', '101090402', '2020-07-25', '星期六', '晴', '36', '21', '29', '956', '2.40', '南风', '2级', '良', '0.00');
INSERT INTO `humidity` VALUES ('天津', '101030100', '2020-07-25', '星期六', '多云', '37', '27', '28', '1003', '6.70', '西南风', '4级', '轻度污染', '0.00');
INSERT INTO `humidity` VALUES ('金昌', '101160601', '2020-07-25', '星期六', '晴', '33', '14', '26', '846', '4.10', '北风', '3级', '良', '0.00');
INSERT INTO `humidity` VALUES ('赤峰', '101080601', '2020-07-25', '星期六', '晴', '35', '20', '25', '930', '2.40', '东风', '2级', '良', '0.00');
INSERT INTO `humidity` VALUES ('嘉峪关', '101161401', '2020-07-25', '星期六', '晴', '31', '16', '17', '838', '4.10', '西北风', '3级', '良', '0.00');

-- ----------------------------
-- Table structure for quality
-- ----------------------------
DROP TABLE IF EXISTS `quality`;
CREATE TABLE `quality` (
  `quality` varchar(255) DEFAULT NULL,
  `number` int(11) DEFAULT NULL
) ENGINE=InnoDB DEFAULT CHARSET=utf8;

-- ----------------------------
-- Records of quality
-- ----------------------------
INSERT INTO `quality` VALUES ('中度污染', '1');
INSERT INTO `quality` VALUES ('优', '69');
INSERT INTO `quality` VALUES ('良', '86');
INSERT INTO `quality` VALUES ('轻度污染', '29');

-- ----------------------------
-- Table structure for star_city
-- ----------------------------
DROP TABLE IF EXISTS `star_city`;
CREATE TABLE `star_city` (
  `cityname` varchar(255) DEFAULT NULL,
  `citycode` varchar(255) DEFAULT NULL,
  `date` varchar(255) DEFAULT NULL,
  `week` varchar(255) DEFAULT NULL,
  `weather` varchar(255) DEFAULT NULL,
  `temphigh` int(11) DEFAULT NULL,
  `templow` int(11) DEFAULT NULL,
  `humidity` int(11) DEFAULT NULL,
  `pressure` int(11) DEFAULT NULL,
  `windspeed` float(255,2) DEFAULT NULL,
  `winddirect` varchar(255) DEFAULT NULL,
  `windpower` varchar(255) DEFAULT NULL,
  `quality` varchar(255) DEFAULT NULL,
  ` rain` float(255,2) DEFAULT NULL
) ENGINE=InnoDB DEFAULT CHARSET=utf8;

-- ----------------------------
-- Records of star_city
-- ----------------------------
INSERT INTO `star_city` VALUES ('上海', '101020100', '2020-07-25', '星期六', '多云', '32', '25', '47', '1004', '0.10', '北风', '0级', '轻度污染', '0.00');
INSERT INTO `star_city` VALUES ('上海', '101020100', '2020-07-26', '星期日', '阴', '30', '25', '70', '1006', '0.90', '东南风', '1级', '良', '0.00');
INSERT INTO `star_city` VALUES ('上海', '101020100', '2020-07-27', '星期一', '小雨', '31', '28', '76', '1004', '0.90', '西风', '1级', '良', '8.52');
INSERT INTO `star_city` VALUES ('上海', '101020100', '2020-07-28', '星期二', '小雨', '34', '27', '71', '1007', '0.10', '西风', '0级', '良', '8.63');
INSERT INTO `star_city` VALUES ('北京', '101010100', '2020-07-25', '星期六', '多云', '35', '26', '36', '1000', '0.90', '西南风', '1级', '良', '0.00');
INSERT INTO `star_city` VALUES ('北京', '101010100', '2020-07-26', '星期日', '小雨', '29', '23', '66', '1002', '2.40', '西南风', '2级', '优', '6.92');
INSERT INTO `star_city` VALUES ('北京', '101010100', '2020-07-27', '星期一', '小雨', '25', '21', '85', '1002', '0.90', '东南风', '1级', '良', '1.29');
INSERT INTO `star_city` VALUES ('北京', '101010100', '2020-07-28', '星期二', '阵雨', '32', '22', '94', '1003', '0.90', '东风', '1级', '轻度污染', '6.11');
INSERT INTO `star_city` VALUES ('南京', '101190101', '2020-07-25', '星期六', '多云', '29', '21', '59', '1001', '0.90', '北风', '1级', '轻度污染', '0.00');
INSERT INTO `star_city` VALUES ('南京', '101190101', '2020-07-26', '星期日', '阵雨', '27', '22', '58', '1001', '6.70', '东南风', '4级', '优', '12.69');
INSERT INTO `star_city` VALUES ('南京', '101190101', '2020-07-27', '星期一', '阵雨', '27', '22', '100', '1001', '2.40', '西北风', '2级', '优', '6.88');
INSERT INTO `star_city` VALUES ('南京', '101190101', '2020-07-28', '星期二', '中雨', '26', '24', '100', '1004', '2.40', '东南风', '2级', '优', '13.99');
INSERT INTO `star_city` VALUES ('广州', '101280101', '2020-07-25', '星期六', '晴', '37', '29', '54', '1001', '0.10', '南风', '0级', '良', '0.00');
INSERT INTO `star_city` VALUES ('广州', '101280101', '2020-07-26', '星期日', '多云', '35', '28', '62', '1003', '0.90', '东风', '1级', '优', '0.00');
INSERT INTO `star_city` VALUES ('广州', '101280101', '2020-07-27', '星期一', '多云', '35', '26', '70', '1002', '2.40', '南风', '2级', '优', '0.00');
INSERT INTO `star_city` VALUES ('广州', '101280101', '2020-07-28', '星期二', '多云', '35', '26', '54', '1003', '2.40', '南风', '2级', '优', '0.00');
INSERT INTO `star_city` VALUES ('杭州', '101210101', '2020-07-25', '星期六', '小雨', '29', '22', '95', '1002', '2.40', '西南风', '2级', '优', '6.55');
INSERT INTO `star_city` VALUES ('杭州', '101210101', '2020-07-26', '星期日', '阴', '28', '25', '88', '1001', '2.40', '西南风', '2级', '优', '0.00');
INSERT INTO `star_city` VALUES ('杭州', '101210101', '2020-07-27', '星期一', '阵雨', '32', '25', '80', '1000', '4.10', '南风', '3级', '优', '13.20');
INSERT INTO `star_city` VALUES ('杭州', '101210101', '2020-07-28', '星期二', '阵雨', '35', '25', '80', '1002', '0.90', '西北风', '1级', '优', '29.48');
INSERT INTO `star_city` VALUES ('深圳', '101280601', '2020-07-25', '星期六', '晴', '34', '28', '63', '999', '2.40', '西南风', '2级', '优', '0.00');
INSERT INTO `star_city` VALUES ('深圳', '101280601', '2020-07-26', '星期日', '多云', '33', '27', '69', '1000', '2.40', '南风', '2级', '优', '0.00');
INSERT INTO `star_city` VALUES ('深圳', '101280601', '2020-07-27', '星期一', '多云', '35', '28', '87', '1000', '2.40', '西南风', '2级', '优', '0.00');
INSERT INTO `star_city` VALUES ('深圳', '101280601', '2020-07-28', '星期二', '多云', '34', '27', '59', '1001', '2.40', '南风', '2级', '优', '0.00');
INSERT INTO `star_city` VALUES ('重庆', '101040100', '2020-07-25', '星期六', '中雨', '33', '26', '57', '970', '2.40', '西北风', '2级', '良', '20.04');
INSERT INTO `star_city` VALUES ('重庆', '101040100', '2020-07-26', '星期日', '中雨', '24', '21', '91', '974', '0.90', '西风', '1级', '优', '18.40');
INSERT INTO `star_city` VALUES ('重庆', '101040100', '2020-07-27', '星期一', '晴', '33', '25', '80', '975', '0.90', '东北风', '1级', '优', '0.00');
INSERT INTO `star_city` VALUES ('重庆', '101040100', '2020-07-28', '星期二', '晴', '37', '27', '81', '974', '0.90', '西北风', '1级', '良', '0.00');

-- ----------------------------
-- Table structure for star_city0725
-- ----------------------------
DROP TABLE IF EXISTS `star_city0725`;
CREATE TABLE `star_city0725` (
  `cityname` varchar(255) DEFAULT NULL,
  `citycode` varchar(255) DEFAULT NULL,
  `date` varchar(255) DEFAULT NULL,
  `week` varchar(255) DEFAULT NULL,
  `weather` varchar(255) DEFAULT NULL,
  `temphigh` int(11) DEFAULT NULL,
  `templow` int(11) DEFAULT NULL,
  `humidity` int(11) DEFAULT NULL,
  `pressure` int(11) DEFAULT NULL,
  `windspeed` float(255,2) DEFAULT NULL,
  `winddirect` varchar(255) DEFAULT NULL,
  `windpower` varchar(255) DEFAULT NULL,
  `quality` varchar(255) DEFAULT NULL,
  ` rain` float(255,2) DEFAULT NULL
) ENGINE=InnoDB DEFAULT CHARSET=utf8;

-- ----------------------------
-- Records of star_city0725
-- ----------------------------
INSERT INTO `star_city0725` VALUES ('上海', '101020100', '2020-07-25', '星期六', '多云', '32', '25', '47', '1004', '0.10', '北风', '0级', '轻度污染', '0.00');
INSERT INTO `star_city0725` VALUES ('北京', '101010100', '2020-07-25', '星期六', '多云', '35', '26', '36', '1000', '0.90', '西南风', '1级', '良', '0.00');
INSERT INTO `star_city0725` VALUES ('南京', '101190101', '2020-07-25', '星期六', '多云', '29', '21', '59', '1001', '0.90', '北风', '1级', '轻度污染', '0.00');
INSERT INTO `star_city0725` VALUES ('广州', '101280101', '2020-07-25', '星期六', '晴', '37', '29', '54', '1001', '0.10', '南风', '0级', '良', '0.00');
INSERT INTO `star_city0725` VALUES ('杭州', '101210101', '2020-07-25', '星期六', '小雨', '29', '22', '95', '1002', '2.40', '西南风', '2级', '优', '4.82');
INSERT INTO `star_city0725` VALUES ('深圳', '101280601', '2020-07-25', '星期六', '晴', '34', '28', '63', '999', '2.40', '西南风', '2级', '优', '0.00');
INSERT INTO `star_city0725` VALUES ('重庆', '101040100', '2020-07-25', '星期六', '中雨', '33', '26', '57', '970', '2.40', '西北风', '2级', '良', '22.04');

-- ----------------------------
-- Table structure for star_city0726
-- ----------------------------
DROP TABLE IF EXISTS `star_city0726`;
CREATE TABLE `star_city0726` (
  `cityname` varchar(255) DEFAULT NULL,
  `citycode` varchar(255) DEFAULT NULL,
  `date` varchar(255) DEFAULT NULL,
  `week` varchar(255) DEFAULT NULL,
  `weather` varchar(255) DEFAULT NULL,
  `temphigh` int(11) DEFAULT NULL,
  `templow` int(11) DEFAULT NULL,
  `humidity` int(11) DEFAULT NULL,
  `pressure` int(11) DEFAULT NULL,
  `windspeed` float(255,2) DEFAULT NULL,
  `winddirect` varchar(255) DEFAULT NULL,
  `windpower` varchar(255) DEFAULT NULL,
  `quality` varchar(255) DEFAULT NULL,
  ` rain` float(255,2) DEFAULT NULL
) ENGINE=InnoDB DEFAULT CHARSET=utf8;

-- ----------------------------
-- Records of star_city0726
-- ----------------------------
INSERT INTO `star_city0726` VALUES ('重庆', '101040100', '2020-07-26', '星期日', '中雨', '24', '21', '91', '974', '0.90', '西风', '1级', '优', '15.53');
INSERT INTO `star_city0726` VALUES ('上海', '101020100', '2020-07-26', '星期日', '阴', '30', '25', '70', '1006', '0.90', '东南风', '1级', '良', '0.00');
INSERT INTO `star_city0726` VALUES ('北京', '101010100', '2020-07-26', '星期日', '小雨', '29', '23', '66', '1002', '2.40', '西南风', '2级', '优', '2.80');
INSERT INTO `star_city0726` VALUES ('南京', '101190101', '2020-07-26', '星期日', '阵雨', '27', '22', '58', '1001', '6.70', '东南风', '4级', '优', '9.02');
INSERT INTO `star_city0726` VALUES ('广州', '101280101', '2020-07-26', '星期日', '多云', '35', '28', '62', '1003', '0.90', '东风', '1级', '优', '0.00');
INSERT INTO `star_city0726` VALUES ('杭州', '101210101', '2020-07-26', '星期日', '阴', '28', '25', '88', '1001', '2.40', '西南风', '2级', '优', '0.00');
INSERT INTO `star_city0726` VALUES ('深圳', '101280601', '2020-07-26', '星期日', '多云', '33', '27', '69', '1000', '2.40', '南风', '2级', '优', '0.00');

-- ----------------------------
-- Table structure for star_city0727
-- ----------------------------
DROP TABLE IF EXISTS `star_city0727`;
CREATE TABLE `star_city0727` (
  `cityname` varchar(255) DEFAULT NULL,
  `citycode` varchar(255) DEFAULT NULL,
  `date` varchar(255) DEFAULT NULL,
  `week` varchar(255) DEFAULT NULL,
  `weather` varchar(255) DEFAULT NULL,
  `temphigh` int(11) DEFAULT NULL,
  `templow` int(11) DEFAULT NULL,
  `humidity` int(11) DEFAULT NULL,
  `pressure` int(11) DEFAULT NULL,
  `windspeed` float(255,2) DEFAULT NULL,
  `winddirect` varchar(255) DEFAULT NULL,
  `windpower` varchar(255) DEFAULT NULL,
  `quality` varchar(255) DEFAULT NULL,
  ` rain` float(255,2) DEFAULT NULL
) ENGINE=InnoDB DEFAULT CHARSET=utf8;

-- ----------------------------
-- Records of star_city0727
-- ----------------------------
INSERT INTO `star_city0727` VALUES ('重庆', '101040100', '2020-07-27', '星期一', '晴', '33', '25', '80', '975', '0.90', '东北风', '1级', '优', '0.00');
INSERT INTO `star_city0727` VALUES ('上海', '101020100', '2020-07-27', '星期一', '小雨', '31', '28', '76', '1004', '0.90', '西风', '1级', '良', '6.65');
INSERT INTO `star_city0727` VALUES ('北京', '101010100', '2020-07-27', '星期一', '小雨', '25', '21', '85', '1002', '0.90', '东南风', '1级', '良', '1.46');
INSERT INTO `star_city0727` VALUES ('南京', '101190101', '2020-07-27', '星期一', '阵雨', '27', '22', '100', '1001', '2.40', '西北风', '2级', '优', '9.90');
INSERT INTO `star_city0727` VALUES ('广州', '101280101', '2020-07-27', '星期一', '多云', '35', '26', '70', '1002', '2.40', '南风', '2级', '优', '0.00');
INSERT INTO `star_city0727` VALUES ('杭州', '101210101', '2020-07-27', '星期一', '阵雨', '32', '25', '80', '1000', '4.10', '南风', '3级', '优', '7.09');
INSERT INTO `star_city0727` VALUES ('深圳', '101280601', '2020-07-27', '星期一', '多云', '35', '28', '87', '1000', '2.40', '西南风', '2级', '优', '0.00');

-- ----------------------------
-- Table structure for star_city0728
-- ----------------------------
DROP TABLE IF EXISTS `star_city0728`;
CREATE TABLE `star_city0728` (
  `cityname` varchar(255) DEFAULT NULL,
  `citycode` varchar(255) DEFAULT NULL,
  `date` varchar(255) DEFAULT NULL,
  `week` varchar(255) DEFAULT NULL,
  `weather` varchar(255) DEFAULT NULL,
  `temphigh` int(11) DEFAULT NULL,
  `templow` int(11) DEFAULT NULL,
  `humidity` int(11) DEFAULT NULL,
  `pressure` int(11) DEFAULT NULL,
  `windspeed` float(255,2) DEFAULT NULL,
  `winddirect` varchar(255) DEFAULT NULL,
  `windpower` varchar(255) DEFAULT NULL,
  `quality` varchar(255) DEFAULT NULL,
  ` rain` float(255,2) DEFAULT NULL
) ENGINE=InnoDB DEFAULT CHARSET=utf8;

-- ----------------------------
-- Records of star_city0728
-- ----------------------------
INSERT INTO `star_city0728` VALUES ('上海', '101020100', '2020-07-28', '星期二', '小雨', '34', '27', '71', '1007', '0.10', '西风', '0级', '良', '1.79');
INSERT INTO `star_city0728` VALUES ('北京', '101010100', '2020-07-28', '星期二', '阵雨', '32', '22', '94', '1003', '0.90', '东风', '1级', '轻度污染', '9.44');
INSERT INTO `star_city0728` VALUES ('南京', '101190101', '2020-07-28', '星期二', '中雨', '26', '24', '100', '1004', '2.40', '东南风', '2级', '优', '14.02');
INSERT INTO `star_city0728` VALUES ('广州', '101280101', '2020-07-28', '星期二', '多云', '35', '26', '54', '1003', '2.40', '南风', '2级', '优', '0.00');
INSERT INTO `star_city0728` VALUES ('杭州', '101210101', '2020-07-28', '星期二', '阵雨', '35', '25', '80', '1002', '0.90', '西北风', '1级', '优', '23.76');
INSERT INTO `star_city0728` VALUES ('深圳', '101280601', '2020-07-28', '星期二', '多云', '34', '27', '59', '1001', '2.40', '南风', '2级', '优', '0.00');
INSERT INTO `star_city0728` VALUES ('重庆', '101040100', '2020-07-28', '星期二', '晴', '37', '27', '81', '974', '0.90', '西北风', '1级', '良', '0.00');

-- ----------------------------
-- Table structure for temphigh
-- ----------------------------
DROP TABLE IF EXISTS `temphigh`;
CREATE TABLE `temphigh` (
  `cityname` varchar(255) DEFAULT NULL,
  `citycode` varchar(255) DEFAULT NULL,
  `date` varchar(255) DEFAULT NULL,
  `week` varchar(255) DEFAULT NULL,
  `weather` varchar(255) DEFAULT NULL,
  `temphigh` int(11) DEFAULT NULL,
  `templow` int(11) DEFAULT NULL,
  `humidity` int(11) DEFAULT NULL,
  `pressure` int(11) DEFAULT NULL,
  `windspeed` float(255,2) DEFAULT NULL,
  `winddirect` varchar(255) DEFAULT NULL,
  `windpower` varchar(255) DEFAULT NULL,
  `quality` varchar(255) DEFAULT NULL,
  ` rain` float(255,2) DEFAULT NULL
) ENGINE=InnoDB DEFAULT CHARSET=utf8;

-- ----------------------------
-- Records of temphigh
-- ----------------------------
INSERT INTO `temphigh` VALUES ('佛山', '101280801', '2020-07-25', '星期六', '晴', '38', '29', '46', '1002', '2.40', '西风', '2级', '良', '0.00');
INSERT INTO `temphigh` VALUES ('云浮', '101281401', '2020-07-25', '星期六', '多云', '38', '27', '41', '993', '0.90', '西南风', '1级', '优', '0.00');
INSERT INTO `temphigh` VALUES ('梅州', '101280401', '2020-07-25', '星期六', '多云', '38', '27', '46', '992', '2.40', '东南风', '2级', '良', '0.00');
INSERT INTO `temphigh` VALUES ('肇庆', '101280901', '2020-07-25', '星期六', '晴', '38', '27', '49', '998', '2.40', '南风', '2级', '优', '0.00');
INSERT INTO `temphigh` VALUES ('韶关', '101280201', '2020-07-25', '星期六', '多云', '38', '27', '52', '990', '4.10', '南风', '3级', '良', '0.00');
INSERT INTO `temphigh` VALUES ('潮州', '101281501', '2020-07-25', '星期六', '多云', '37', '26', '56', '998', '0.90', '西风', '1级', '良', '0.00');
INSERT INTO `temphigh` VALUES ('中山', '101281701', '2020-07-25', '星期六', '晴', '37', '27', '52', '1001', '2.40', '南风', '2级', '优', '0.00');
INSERT INTO `temphigh` VALUES ('东莞', '101281601', '2020-07-25', '星期六', '多云', '37', '28', '56', '999', '2.40', '南风', '2级', '轻度污染', '0.00');
INSERT INTO `temphigh` VALUES ('唐山', '101090501', '2020-07-25', '星期六', '多云', '37', '25', '42', '1001', '4.10', '西南风', '3级', '轻度污染', '0.00');
INSERT INTO `temphigh` VALUES ('天津', '101030100', '2020-07-25', '星期六', '多云', '37', '27', '28', '1003', '6.70', '西南风', '4级', '轻度污染', '0.00');
INSERT INTO `temphigh` VALUES ('广州', '101280101', '2020-07-25', '星期六', '晴', '37', '29', '54', '1001', '0.10', '南风', '0级', '良', '0.00');
INSERT INTO `temphigh` VALUES ('廊坊', '101090601', '2020-07-25', '星期六', '多云', '37', '26', '31', '1002', '0.90', '西北风', '1级', '轻度污染', '0.00');
INSERT INTO `temphigh` VALUES ('惠州', '101280301', '2020-07-25', '星期六', '多云', '37', '26', '52', '1001', '0.90', '南风', '1级', '良', '0.00');
INSERT INTO `temphigh` VALUES ('揭阳', '101281901', '2020-07-25', '星期六', '多云', '37', '26', '56', '1000', '0.90', '东北风', '1级', '良', '0.00');
INSERT INTO `temphigh` VALUES ('株洲', '101250301', '2020-07-25', '星期六', '晴', '37', '28', '58', '995', '2.40', '西南风', '2级', '良', '0.00');
INSERT INTO `temphigh` VALUES ('江门', '101281101', '2020-07-25', '星期六', '晴', '37', '28', '46', '1001', '2.40', '西北风', '2级', '优', '0.00');
INSERT INTO `temphigh` VALUES ('河源', '101281201', '2020-07-25', '星期六', '多云', '37', '28', '49', '997', '2.40', '南风', '2级', '良', '0.00');
INSERT INTO `temphigh` VALUES ('清远', '101281301', '2020-07-25', '星期六', '多云', '37', '27', '51', '996', '2.40', '南风', '2级', '良', '0.00');
INSERT INTO `temphigh` VALUES ('长沙', '101250101', '2020-07-25', '星期六', '多云', '36', '27', '67', '993', '2.40', '西北风', '2级', '良', '0.00');
INSERT INTO `temphigh` VALUES ('厦门', '101230201', '2020-07-25', '星期六', '多云', '36', '27', '66', '990', '0.90', '东南风', '1级', '优', '0.00');
INSERT INTO `temphigh` VALUES ('茂名', '101282001', '2020-07-25', '星期六', '晴', '36', '26', '50', '1002', '2.40', '西南风', '2级', '优', '0.00');
INSERT INTO `temphigh` VALUES ('锦州', '101070701', '2020-07-25', '星期六', '晴', '36', '24', '34', '996', '4.10', '南风', '3级', '轻度污染', '0.00');
INSERT INTO `temphigh` VALUES ('湘潭', '101250201', '2020-07-25', '星期六', '晴', '36', '27', '63', '997', '0.90', '西南风', '1级', '良', '0.00');
INSERT INTO `temphigh` VALUES ('桂林', '101300501', '2020-07-25', '星期六', '多云', '36', '27', '45', '986', '4.10', '南风', '3级', '优', '0.00');
INSERT INTO `temphigh` VALUES ('南宁', '101300101', '2020-07-25', '星期六', '多云', '36', '26', '46', '983', '0.10', '东南风', '0级', '优', '0.00');
INSERT INTO `temphigh` VALUES ('德州', '101120401', '2020-07-25', '星期六', '多云', '36', '24', '45', '1002', '2.40', '西南风', '2级', '良', '0.00');
INSERT INTO `temphigh` VALUES ('汕头', '101280501', '2020-07-25', '星期六', '多云', '36', '28', '56', '1005', '2.40', '西风', '2级', '优', '0.00');
INSERT INTO `temphigh` VALUES ('承德', '101090402', '2020-07-25', '星期六', '晴', '36', '21', '29', '956', '2.40', '南风', '2级', '良', '0.00');
INSERT INTO `temphigh` VALUES ('齐齐哈尔', '101050201', '2020-07-25', '星期六', '多云', '35', '23', '42', '988', '2.40', '东南风', '2级', '良', '0.00');
INSERT INTO `temphigh` VALUES ('阳江', '101281801', '2020-07-25', '星期六', '多云', '35', '28', '66', '996', '4.10', '南风', '3级', '优', '0.00');
INSERT INTO `temphigh` VALUES ('赤峰', '101080601', '2020-07-25', '星期六', '晴', '35', '20', '25', '930', '2.40', '东风', '2级', '良', '0.00');
INSERT INTO `temphigh` VALUES ('衡水', '101090801', '2020-07-25', '星期六', '阴', '35', '24', '61', '1002', '0.90', '南风', '1级', '良', '0.00');
INSERT INTO `temphigh` VALUES ('葫芦岛', '101071401', '2020-07-25', '星期六', '晴', '35', '23', '44', '1003', '4.10', '南风', '3级', '轻度污染', '0.00');
INSERT INTO `temphigh` VALUES ('福州', '101230101', '2020-07-25', '星期六', '小雨', '35', '28', '90', '997', '0.90', '西南风', '1级', '优', '4.67');
INSERT INTO `temphigh` VALUES ('珠海', '101280701', '2020-07-25', '星期六', '晴', '35', '28', '61', '1000', '2.40', '西南风', '2级', '优', '0.00');
INSERT INTO `temphigh` VALUES ('泉州', '101230501', '2020-07-25', '星期六', '多云', '35', '28', '85', '995', '2.40', '东北风', '2级', '轻度污染', '0.00');
INSERT INTO `temphigh` VALUES ('沧州', '101090701', '2020-07-25', '星期六', '多云', '35', '25', '40', '1003', '0.90', '西南风', '1级', '良', '0.00');
INSERT INTO `temphigh` VALUES ('沈阳', '101070101', '2020-07-25', '星期六', '晴', '35', '22', '38', '998', '2.40', '东风', '2级', '良', '0.00');
INSERT INTO `temphigh` VALUES ('抚顺', '101070401', '2020-07-25', '星期六', '晴', '35', '20', '38', '990', '0.90', '东北风', '1级', '良', '0.00');
INSERT INTO `temphigh` VALUES ('张家界', '101251101', '2020-07-25', '星期六', '多云', '35', '25', '63', '979', '2.40', '东南风', '2级', '优', '0.00');
INSERT INTO `temphigh` VALUES ('北京', '101010100', '2020-07-25', '星期六', '多云', '35', '26', '36', '1000', '0.90', '西南风', '1级', '良', '0.00');
INSERT INTO `temphigh` VALUES ('邯郸', '101091001', '2020-07-25', '星期六', '多云', '34', '23', '57', '997', '0.90', '南风', '1级', '良', '0.00');
INSERT INTO `temphigh` VALUES ('深圳', '101280601', '2020-07-25', '星期六', '晴', '34', '28', '63', '999', '2.40', '西南风', '2级', '优', '0.00');
INSERT INTO `temphigh` VALUES ('本溪', '101070501', '2020-07-25', '星期六', '晴', '34', '19', '37', '982', '0.90', '东风', '1级', '良', '0.00');
INSERT INTO `temphigh` VALUES ('攀枝花', '101270201', '2020-07-25', '星期六', '阴', '34', '23', '41', '870', '2.40', '东风', '2级', '优', '0.00');
INSERT INTO `temphigh` VALUES ('海口', '101310101', '2020-07-25', '星期六', '多云', '34', '26', '58', '999', '2.40', '北风', '2级', '优', '0.00');
INSERT INTO `temphigh` VALUES ('寿光市', '101120603', '2020-07-25', '星期六', '晴', '34', '23', '49', '1002', '2.40', '北风', '2级', '轻度污染', '0.00');
INSERT INTO `temphigh` VALUES ('柳州', '101300301', '2020-07-25', '星期六', '多云', '34', '26', '60', '971', '6.70', '南风', '4级', '优', '0.00');
INSERT INTO `temphigh` VALUES ('库尔勒', '101130601', '2020-07-25', '星期六', '晴', '34', '23', '42', '907', '2.40', '西南风', '2级', '良', '0.00');
INSERT INTO `temphigh` VALUES ('滨州', '101121101', '2020-07-25', '星期六', '多云', '34', '24', '45', '1002', '2.40', '西北风', '2级', '良', '0.00');
INSERT INTO `temphigh` VALUES ('鞍山', '101070301', '2020-07-25', '星期六', '晴', '34', '25', '45', '995', '2.40', '西北风', '2级', '轻度污染', '0.00');
INSERT INTO `temphigh` VALUES ('湛江', '101281001', '2020-07-25', '星期六', '晴', '34', '27', '56', '999', '4.10', '西风', '3级', '优', '0.00');
INSERT INTO `temphigh` VALUES ('安阳', '101180201', '2020-07-25', '星期六', '多云', '34', '24', '52', '983', '0.10', '北风', '0级', '良', '0.00');
INSERT INTO `temphigh` VALUES ('东营', '101121201', '2020-07-25', '星期六', '多云', '34', '25', '37', '1003', '2.40', '东北风', '2级', '轻度污染', '0.00');
INSERT INTO `temphigh` VALUES ('济南', '101120101', '2020-07-25', '星期六', '晴', '34', '25', '49', '986', '2.40', '西风', '2级', '轻度污染', '0.00');
INSERT INTO `temphigh` VALUES ('长春', '101060101', '2020-07-25', '星期六', '多云', '33', '20', '31', '979', '4.10', '东风', '3级', '优', '0.00');
INSERT INTO `temphigh` VALUES ('秦皇岛', '101091101', '2020-07-25', '星期六', '晴', '33', '23', '70', '1004', '2.40', '西南风', '2级', '轻度污染', '0.00');
INSERT INTO `temphigh` VALUES ('保定', '101090201', '2020-07-25', '星期六', '多云', '33', '23', '59', '1002', '2.40', '西南风', '2级', '良', '0.00');
INSERT INTO `temphigh` VALUES ('银川', '101170101', '2020-07-25', '星期六', '晴', '33', '19', '34', '883', '0.90', '东南风', '1级', '优', '0.00');
INSERT INTO `temphigh` VALUES ('金昌', '101160601', '2020-07-25', '星期六', '晴', '33', '14', '26', '846', '4.10', '北风', '3级', '良', '0.00');
INSERT INTO `temphigh` VALUES ('三亚', '101310201', '2020-07-25', '星期六', '多云', '33', '27', '64', '1005', '2.40', '南风', '2级', '优', '0.00');
INSERT INTO `temphigh` VALUES ('重庆', '101040100', '2020-07-25', '星期六', '中雨', '33', '26', '57', '970', '2.40', '西北风', '2级', '良', '17.72');
INSERT INTO `temphigh` VALUES ('克拉玛依', '101130201', '2020-07-25', '星期六', '晴', '33', '23', '42', '960', '4.10', '北风', '3级', '优', '0.00');
INSERT INTO `temphigh` VALUES ('汕尾', '101282101', '2020-07-25', '星期六', '多云', '33', '28', '72', '1004', '4.10', '西南风', '3级', '优', '0.00');
INSERT INTO `temphigh` VALUES ('北海', '101301301', '2020-07-25', '星期六', '多云', '33', '28', '66', '1005', '2.40', '西南风', '2级', '优', '0.00');
INSERT INTO `temphigh` VALUES ('大庆', '101050901', '2020-07-25', '星期六', '多云', '33', '23', '45', '988', '4.10', '南风', '3级', '良', '0.00');
INSERT INTO `temphigh` VALUES ('章丘市', '101120104', '2020-07-25', '星期六', '晴', '33', '25', '51', '976', '2.40', '西北风', '2级', '轻度污染', '0.00');
INSERT INTO `temphigh` VALUES ('南昌', '101240101', '2020-07-25', '星期六', '中雨', '33', '26', '70', '1000', '2.40', '东北风', '2级', '良', '10.90');
INSERT INTO `temphigh` VALUES ('聊城', '101121701', '2020-07-25', '星期六', '多云', '33', '24', '61', '1001', '0.90', '南风', '1级', '良', '0.00');
INSERT INTO `temphigh` VALUES ('莱州市', '101120502', '2020-07-25', '星期六', '晴', '33', '23', '36', '999', '2.40', '南风', '2级', '良', '0.00');
INSERT INTO `temphigh` VALUES ('莱芜', '101121601', '2020-07-25', '星期六', '晴', '33', '24', '55', '979', '2.40', '西北风', '2级', '轻度污染', '0.00');
INSERT INTO `temphigh` VALUES ('邢台', '101090901', '2020-07-25', '星期六', '多云', '32', '24', '66', '984', '0.90', '西北风', '1级', '良', '0.00');
INSERT INTO `temphigh` VALUES ('枣庄', '101121401', '2020-07-25', '星期六', '多云', '32', '23', '59', '997', '0.90', '东北风', '1级', '轻度污染', '0.00');
INSERT INTO `temphigh` VALUES ('即墨市', '101120204', '2020-07-25', '星期六', '晴', '32', '20', '44', '999', '2.40', '东风', '2级', '良', '0.00');
INSERT INTO `temphigh` VALUES ('吉林市', '101060201', '2020-07-25', '星期六', '晴', '32', '20', '37', '973', '4.10', '东风', '3级', '优', '0.00');
INSERT INTO `temphigh` VALUES ('石家庄', '101090101', '2020-07-25', '星期六', '阴', '32', '23', '68', '992', '6.70', '南风', '4级', '良', '0.00');
INSERT INTO `temphigh` VALUES ('盘锦', '101071301', '2020-07-25', '星期六', '晴', '32', '23', '41', '1003', '0.10', '北风', '0级', '良', '0.00');
INSERT INTO `temphigh` VALUES ('衢州', '101211001', '2020-07-25', '星期六', '阵雨', '32', '25', '89', '997', '2.40', '东风', '2级', '优', '7.93');
INSERT INTO `temphigh` VALUES ('潍坊', '101120601', '2020-07-25', '星期六', '晴', '32', '23', '42', '1002', '0.90', '北风', '1级', '轻度污染', '0.00');
INSERT INTO `temphigh` VALUES ('菏泽', '101121001', '2020-07-25', '星期六', '多云', '32', '22', '51', '999', '2.40', '西北风', '2级', '良', '0.00');
INSERT INTO `temphigh` VALUES ('常德', '101250601', '2020-07-25', '星期六', '多云', '32', '24', '75', '988', '0.10', '东风', '0级', '优', '0.00');
INSERT INTO `temphigh` VALUES ('温州', '101210701', '2020-07-25', '星期六', '阵雨', '32', '26', '94', '1003', '0.90', '西南风', '1级', '良', '26.49');
INSERT INTO `temphigh` VALUES ('平度市', '101120208', '2020-07-25', '星期六', '晴', '32', '20', '41', '998', '0.90', '西风', '1级', '良', '0.00');
INSERT INTO `temphigh` VALUES ('淄博', '101120301', '2020-07-25', '星期六', '晴', '32', '25', '43', '1001', '2.40', '北风', '2级', '轻度污染', '0.00');
INSERT INTO `temphigh` VALUES ('莱西市', '101120207', '2020-07-25', '星期六', '晴', '32', '19', '45', '996', '2.40', '东风', '2级', '良', '0.00');
INSERT INTO `temphigh` VALUES ('泸州', '101271001', '2020-07-25', '星期六', '阵雨', '32', '22', '72', '967', '2.40', '北风', '2级', '优', '4.74');
INSERT INTO `temphigh` VALUES ('泰安', '101120801', '2020-07-25', '星期六', '多云', '32', '22', '55', '991', '2.40', '西风', '2级', '良', '0.00');
INSERT INTO `temphigh` VALUES ('乌鲁木齐', '101130101', '2020-07-25', '星期六', '晴', '32', '22', '34', '907', '4.10', '西北风', '3级', '良', '0.00');
INSERT INTO `temphigh` VALUES ('义乌市', '101210904', '2020-07-25', '星期六', '小雨', '32', '24', '91', '996', '2.40', '西北风', '2级', '良', '1.10');
INSERT INTO `temphigh` VALUES ('上海', '101020100', '2020-07-25', '星期六', '多云', '32', '25', '47', '1004', '0.10', '北风', '0级', '轻度污染', '0.00');
INSERT INTO `temphigh` VALUES ('招远市', '101120506', '2020-07-25', '星期六', '晴', '32', '20', '44', '991', '2.40', '东南风', '2级', '良', '0.00');
INSERT INTO `temphigh` VALUES ('遵义', '101260201', '2020-07-25', '星期六', '多云', '32', '23', '80', '881', '2.40', '西风', '2级', '优', '0.00');
INSERT INTO `temphigh` VALUES ('哈尔滨', '101050101', '2020-07-25', '星期六', '晴', '31', '22', '63', '993', '2.40', '东风', '2级', '良', '0.00');
INSERT INTO `temphigh` VALUES ('句容市', '101190304', '2020-07-25', '星期六', '多云', '31', '23', '62', '1001', '2.40', '东北风', '2级', '轻度污染', '0.00');
INSERT INTO `temphigh` VALUES ('胶州市', '101120205', '2020-07-25', '星期六', '晴', '31', '20', '47', '995', '4.10', '东南风', '3级', '良', '0.00');
INSERT INTO `temphigh` VALUES ('石嘴山', '101170201', '2020-07-25', '星期六', '晴', '31', '17', '55', '882', '2.40', '东南风', '2级', '优', '0.00');
INSERT INTO `temphigh` VALUES ('焦作', '101181101', '2020-07-25', '星期六', '阴', '31', '23', '39', '992', '0.90', '西南风', '1级', '良', '0.00');
INSERT INTO `temphigh` VALUES ('溧阳市', '101191102', '2020-07-25', '星期六', '多云', '31', '23', '62', '1005', '2.40', '西南风', '2级', '良', '0.00');
INSERT INTO `temphigh` VALUES ('江阴市', '101190202', '2020-07-25', '星期六', '多云', '31', '23', '60', '1005', '4.10', '东风', '3级', '轻度污染', '0.00');
INSERT INTO `temphigh` VALUES ('营口', '101070801', '2020-07-25', '星期六', '晴', '31', '23', '78', '1004', '4.10', '西风', '3级', '轻度污染', '0.00');
INSERT INTO `temphigh` VALUES ('临沂', '101120901', '2020-07-25', '星期六', '多云', '31', '22', '56', '991', '0.10', '西南风', '0级', '轻度污染', '0.00');
INSERT INTO `temphigh` VALUES ('昆山市', '101190404', '2020-07-25', '星期六', '多云', '31', '25', '52', '1005', '0.90', '西北风', '1级', '轻度污染', '0.00');
INSERT INTO `temphigh` VALUES ('无锡', '101190201', '2020-07-25', '星期六', '多云', '31', '23', '55', '1005', '0.10', '北风', '0级', '轻度污染', '0.00');
INSERT INTO `temphigh` VALUES ('丽水', '101210801', '2020-07-25', '星期六', '阵雨', '31', '25', '76', '998', '0.10', '西南风', '0级', '优', '26.39');
INSERT INTO `temphigh` VALUES ('徐州', '101190801', '2020-07-25', '星期六', '多云', '31', '23', '68', '1001', '0.90', '西北风', '1级', '良', '0.00');
INSERT INTO `temphigh` VALUES ('张家港市', '101190403', '2020-07-25', '星期六', '多云', '31', '23', '72', '1004', '0.90', '西北风', '1级', '良', '0.00');
INSERT INTO `temphigh` VALUES ('乳山市', '101121304', '2020-07-25', '星期六', '多云', '31', '20', '52', '1000', '2.40', '东北风', '2级', '良', '0.00');
INSERT INTO `temphigh` VALUES ('常熟市', '101190402', '2020-07-25', '星期六', '多云', '31', '25', '66', '1005', '0.90', '北风', '1级', '轻度污染', '0.00');
INSERT INTO `temphigh` VALUES ('常州', '101191101', '2020-07-25', '星期六', '多云', '31', '23', '65', '1005', '4.10', '西北风', '3级', '轻度污染', '0.00');
INSERT INTO `temphigh` VALUES ('苏州', '101190401', '2020-07-25', '星期六', '多云', '31', '23', '56', '1004', '2.40', '西风', '2级', '轻度污染', '0.00');
INSERT INTO `temphigh` VALUES ('太仓市', '101190408', '2020-07-25', '星期六', '多云', '31', '21', '65', '1004', '2.40', '西北风', '2级', '中度污染', '0.00');
INSERT INTO `temphigh` VALUES ('嘉峪关', '101161401', '2020-07-25', '星期六', '晴', '31', '16', '17', '838', '4.10', '西北风', '3级', '良', '0.00');
INSERT INTO `temphigh` VALUES ('镇江', '101190301', '2020-07-25', '星期六', '多云', '31', '23', '67', '1003', '2.40', '东风', '2级', '良', '0.00');
INSERT INTO `temphigh` VALUES ('芜湖', '101220301', '2020-07-25', '星期六', '小雨', '30', '21', '70', '1001', '2.40', '东南风', '2级', '优', '7.38');
INSERT INTO `temphigh` VALUES ('金华', '101210901', '2020-07-25', '星期六', '阵雨', '30', '25', '86', '999', '0.90', '东风', '1级', '良', '7.91');
INSERT INTO `temphigh` VALUES ('诸暨市', '101210502', '2020-07-25', '星期六', '小雨', '30', '24', '96', '1002', '2.40', '北风', '2级', '优', '3.70');
INSERT INTO `temphigh` VALUES ('九江', '101240201', '2020-07-25', '星期六', '阵雨', '30', '23', '72', '998', '2.40', '北风', '2级', '优', '29.04');
INSERT INTO `temphigh` VALUES ('大连', '101070201', '2020-07-25', '星期六', '晴', '30', '22', '41', '995', '2.40', '南风', '2级', '良', '0.00');
INSERT INTO `temphigh` VALUES ('泰州', '101191201', '2020-07-25', '星期六', '多云', '30', '21', '66', '1005', '2.40', '北风', '2级', '良', '0.00');
INSERT INTO `temphigh` VALUES ('济宁', '101120701', '2020-07-25', '星期六', '多云', '30', '23', '56', '1001', '0.90', '西北风', '1级', '轻度污染', '0.00');
INSERT INTO `temphigh` VALUES ('淮安', '101190908', '2020-07-25', '星期六', '多云', '30', '21', '63', '1005', '2.40', '东风', '2级', '良', '0.00');
INSERT INTO `temphigh` VALUES ('岳阳', '101251001', '2020-07-25', '星期六', '多云', '30', '25', '96', '999', '2.40', '西风', '2级', '良', '0.00');
INSERT INTO `temphigh` VALUES ('宿迁', '101191301', '2020-07-25', '星期六', '多云', '30', '21', '67', '1002', '0.90', '东北风', '1级', '良', '0.00');
INSERT INTO `temphigh` VALUES ('牡丹江', '101050301', '2020-07-25', '星期六', '多云', '30', '16', '61', '974', '2.40', '西北风', '2级', '优', '0.00');
INSERT INTO `temphigh` VALUES ('宜兴市', '101190203', '2020-07-25', '星期六', '阴', '30', '23', '61', '1003', '2.40', '东南风', '2级', '良', '0.00');
INSERT INTO `temphigh` VALUES ('宁波', '101210401', '2020-07-25', '星期六', '小雨', '30', '24', '74', '1005', '2.40', '南风', '2级', '优', '5.69');
INSERT INTO `temphigh` VALUES ('文登市', '101121302', '2020-07-25', '星期六', '多云', '30', '20', '51', '992', '6.70', '北风', '4级', '良', '0.00');
INSERT INTO `temphigh` VALUES ('郑州', '101180101', '2020-07-25', '星期六', '阴', '30', '22', '45', '993', '2.40', '东南风', '2级', '良', '0.00');
INSERT INTO `temphigh` VALUES ('丹东', '101070601', '2020-07-25', '星期六', '晴', '30', '20', '62', '1004', '4.10', '西南风', '3级', '优', '0.00');
INSERT INTO `temphigh` VALUES ('连云港', '101191001', '2020-07-25', '星期六', '晴', '30', '21', '61', '1005', '2.40', '东风', '2级', '良', '0.00');
INSERT INTO `temphigh` VALUES ('胶南市', '101120206', '2020-07-25', '星期六', '晴', '30', '21', '56', '1004', '2.40', '东风', '2级', '良', '0.00');
INSERT INTO `temphigh` VALUES ('扬州', '101190601', '2020-07-25', '星期六', '多云', '30', '21', '63', '1005', '0.90', '东北风', '1级', '良', '0.00');
INSERT INTO `temphigh` VALUES ('贵阳', '101260101', '2020-07-25', '星期六', '多云', '30', '22', '62', '872', '2.40', '西南风', '2级', '优', '0.00');
INSERT INTO `temphigh` VALUES ('马鞍山', '101220501', '2020-07-25', '星期六', '阴', '30', '22', '66', '997', '2.40', '西北风', '2级', '良', '0.00');
INSERT INTO `temphigh` VALUES ('海门市', '101190508', '2020-07-25', '星期六', '多云', '29', '23', '59', '1005', '2.40', '北风', '2级', '良', '0.00');
INSERT INTO `temphigh` VALUES ('武汉', '101200101', '2020-07-25', '星期六', '多云', '29', '24', '71', '1003', '0.90', '西北风', '1级', '良', '0.00');
INSERT INTO `temphigh` VALUES ('南通', '101190501', '2020-07-25', '星期六', '多云', '29', '20', '63', '1005', '2.40', '西风', '2级', '良', '0.00');
INSERT INTO `temphigh` VALUES ('荆州', '101200801', '2020-07-25', '星期六', '多云', '29', '24', '73', '1002', '2.40', '东北风', '2级', '优', '0.00');
INSERT INTO `temphigh` VALUES ('台州', '101210601', '2020-07-25', '星期六', '小雨', '29', '26', '87', '1005', '2.40', '东南风', '2级', '良', '0.69');
INSERT INTO `temphigh` VALUES ('玉溪', '101290701', '2020-07-25', '星期六', '多云', '29', '19', '52', '826', '4.10', '南风', '3级', '优', '0.00');
INSERT INTO `temphigh` VALUES ('南充', '101270501', '2020-07-25', '星期六', '大雨', '29', '22', '93', '963', '4.10', '北风', '3级', '优', '0.00');
INSERT INTO `temphigh` VALUES ('烟台', '101120501', '2020-07-25', '星期六', '晴', '29', '21', '61', '996', '2.40', '东北风', '2级', '优', '0.00');
INSERT INTO `temphigh` VALUES ('盐城', '101190701', '2020-07-25', '星期六', '多云', '29', '21', '47', '1005', '2.40', '北风', '2级', '良', '0.00');
INSERT INTO `temphigh` VALUES ('杭州', '101210101', '2020-07-25', '星期六', '小雨', '29', '22', '95', '1002', '2.40', '西南风', '2级', '优', '6.02');
INSERT INTO `temphigh` VALUES ('开封', '101180801', '2020-07-25', '星期六', '多云', '29', '23', '48', '997', '2.40', '西南风', '2级', '良', '0.00');
INSERT INTO `temphigh` VALUES ('绍兴', '101210501', '2020-07-25', '星期六', '小雨', '29', '23', '86', '1005', '0.90', '西北风', '1级', '良', '1.17');
INSERT INTO `temphigh` VALUES ('南京', '101190101', '2020-07-25', '星期六', '多云', '29', '21', '59', '1001', '0.90', '北风', '1级', '轻度污染', '0.00');
INSERT INTO `temphigh` VALUES ('宜宾', '101271101', '2020-07-25', '星期六', '阴', '29', '22', '83', '948', '2.40', '北风', '2级', '良', '0.00');
INSERT INTO `temphigh` VALUES ('青岛', '101120201', '2020-07-25', '星期六', '晴', '29', '22', '57', '997', '2.40', '南风', '2级', '优', '0.00');
INSERT INTO `temphigh` VALUES ('舟山', '101211101', '2020-07-25', '星期六', '阴', '28', '23', '70', '1002', '2.40', '南风', '2级', '优', '0.00');
INSERT INTO `temphigh` VALUES ('自贡', '101270301', '2020-07-25', '星期六', '阵雨', '28', '23', '81', '961', '0.90', '西北风', '1级', '优', '22.90');
INSERT INTO `temphigh` VALUES ('临汾', '101100701', '2020-07-25', '星期六', '小雨', '28', '22', '58', '956', '2.40', '东北风', '2级', '优', '6.44');
INSERT INTO `temphigh` VALUES ('临安市', '101210107', '2020-07-25', '星期六', '小雨', '28', '21', '99', '993', '2.40', '东北风', '2级', '优', '8.15');
INSERT INTO `temphigh` VALUES ('曲靖', '101290401', '2020-07-25', '星期六', '晴', '28', '18', '48', '807', '6.70', '西南风', '4级', '优', '0.00');
INSERT INTO `temphigh` VALUES ('日照', '101121501', '2020-07-25', '星期六', '阴', '28', '22', '62', '999', '2.40', '南风', '2级', '良', '0.00');
INSERT INTO `temphigh` VALUES ('宜昌', '101200901', '2020-07-25', '星期六', '阴', '28', '23', '75', '976', '2.40', '南风', '2级', '良', '0.00');
INSERT INTO `temphigh` VALUES ('威海', '101121301', '2020-07-25', '星期六', '多云', '28', '20', '56', '998', '6.70', '北风', '4级', '优', '0.00');
INSERT INTO `temphigh` VALUES ('嘉兴', '101210301', '2020-07-25', '星期六', '阴', '28', '23', '60', '1005', '2.40', '南风', '2级', '良', '0.00');
INSERT INTO `temphigh` VALUES ('合肥', '101220101', '2020-07-25', '星期六', '多云', '28', '22', '59', '999', '2.40', '东风', '2级', '良', '0.00');
INSERT INTO `temphigh` VALUES ('兰州', '101160101', '2020-07-25', '星期六', '小雨', '28', '16', '56', '846', '4.10', '东风', '3级', '优', '1.95');
INSERT INTO `temphigh` VALUES ('阳泉', '101100301', '2020-07-25', '星期六', '小雨', '28', '19', '67', '921', '4.10', '西南风', '3级', '良', '3.11');
INSERT INTO `temphigh` VALUES ('荣成市', '101121303', '2020-07-25', '星期六', '多云', '28', '20', '53', '998', '6.70', '北风', '4级', '良', '0.00');
INSERT INTO `temphigh` VALUES ('大同', '101100201', '2020-07-25', '星期六', '小雨', '27', '18', '75', '893', '0.90', '东风', '1级', '良', '2.10');
INSERT INTO `temphigh` VALUES ('绵阳', '101270401', '2020-07-25', '星期六', '暴雨', '27', '21', '97', '946', '2.40', '东北风', '2级', '优', '96.46');
INSERT INTO `temphigh` VALUES ('延安', '101110300', '2020-07-25', '星期六', '小雨', '27', '17', '88', '917', '2.40', '东风', '2级', '优', '1.15');
INSERT INTO `temphigh` VALUES ('成都', '101270101', '2020-07-25', '星期六', '中雨', '27', '21', '91', '947', '2.40', '东北风', '2级', '优', '21.77');
INSERT INTO `temphigh` VALUES ('昆明', '101290101', '2020-07-25', '星期六', '多云', '27', '18', '54', '809', '4.10', '西南风', '3级', '优', '0.00');
INSERT INTO `temphigh` VALUES ('洛阳', '101180901', '2020-07-25', '星期六', '小雨', '27', '21', '63', '969', '2.40', '西南风', '2级', '优', '2.11');
INSERT INTO `temphigh` VALUES ('湖州', '101210201', '2020-07-25', '星期六', '阴', '27', '20', '76', '1005', '2.40', '西北风', '2级', '优', '0.00');
INSERT INTO `temphigh` VALUES ('太原', '101100101', '2020-07-25', '星期六', '小雨', '26', '19', '92', '923', '0.90', '西南风', '1级', '优', '6.10');
INSERT INTO `temphigh` VALUES ('平顶山', '101180501', '2020-07-25', '星期六', '小雨', '26', '21', '65', '990', '2.40', '南风', '2级', '良', '8.12');
INSERT INTO `temphigh` VALUES ('张家口', '101090301', '2020-07-25', '星期六', '阵雨', '26', '18', '58', '919', '0.10', '北风', '0级', '良', '5.40');
INSERT INTO `temphigh` VALUES ('呼和浩特', '101080101', '2020-07-25', '星期六', '小雨', '26', '17', '70', '880', '4.10', '西南风', '3级', '优', '0.94');
INSERT INTO `temphigh` VALUES ('德阳', '101272001', '2020-07-25', '星期六', '中雨', '26', '21', '97', '945', '2.40', '东风', '2级', '优', '18.70');
INSERT INTO `temphigh` VALUES ('包头', '101080201', '2020-07-25', '星期六', '小雨', '25', '17', '78', '895', '2.40', '东南风', '2级', '优', '2.42');
INSERT INTO `temphigh` VALUES ('长治', '101100501', '2020-07-25', '星期六', '多云', '25', '17', '74', '892', '2.40', '北风', '2级', '良', '0.00');
INSERT INTO `temphigh` VALUES ('西宁', '101150101', '2020-07-25', '星期六', '阵雨', '24', '10', '55', '760', '6.70', '东南风', '4级', '优', '4.76');
INSERT INTO `temphigh` VALUES ('宝鸡', '101110901', '2020-07-25', '星期六', '小雨', '24', '20', '93', '940', '0.90', '西北风', '1级', '优', '7.29');
INSERT INTO `temphigh` VALUES ('咸阳', '101110200', '2020-07-25', '星期六', '小雨', '24', '20', '94', '959', '2.40', '西南风', '2级', '优', '2.51');
INSERT INTO `temphigh` VALUES ('铜川', '101111001', '2020-07-25', '星期六', '小雨', '23', '18', '96', '927', '2.40', '南风', '2级', '优', '3.48');
INSERT INTO `temphigh` VALUES ('三门峡', '101181701', '2020-07-25', '星期六', '小雨', '23', '20', '100', '943', '2.40', '西北风', '2级', '优', '8.24');
INSERT INTO `temphigh` VALUES ('拉萨', '101140101', '2020-07-25', '星期六', '中雨', '23', '12', '59', '658', '2.40', '西风', '2级', '优', '19.06');
INSERT INTO `temphigh` VALUES ('西安', '101110101', '2020-07-25', '星期六', '小雨', '23', '20', '99', '963', '2.40', '南风', '2级', '优', '1.72');
INSERT INTO `temphigh` VALUES ('渭南', '101110501', '2020-07-25', '星期六', '小雨', '23', '19', '100', '936', '2.40', '西北风', '2级', '优', '6.15');
INSERT INTO `temphigh` VALUES ('鄂尔多斯', '101080701', '2020-07-25', '星期六', '小雨', '22', '15', '85', '849', '2.40', '南风', '2级', '良', '6.68');

-- ----------------------------
-- Table structure for totalrain
-- ----------------------------
DROP TABLE IF EXISTS `totalrain`;
CREATE TABLE `totalrain` (
  `cityname` varchar(255) DEFAULT NULL,
  `rain` float(255,2) DEFAULT NULL
) ENGINE=InnoDB DEFAULT CHARSET=utf8;

-- ----------------------------
-- Records of totalrain
-- ----------------------------
INSERT INTO `totalrain` VALUES ('绵阳', '73.03');
INSERT INTO `totalrain` VALUES ('自贡', '53.48');
INSERT INTO `totalrain` VALUES ('张家口', '42.05');
INSERT INTO `totalrain` VALUES ('泸州', '41.43');
INSERT INTO `totalrain` VALUES ('衢州', '35.51');
INSERT INTO `totalrain` VALUES ('金华', '35.01');
INSERT INTO `totalrain` VALUES ('重庆', '34.44');
INSERT INTO `totalrain` VALUES ('温州', '32.07');
INSERT INTO `totalrain` VALUES ('九江', '31.79');
INSERT INTO `totalrain` VALUES ('福州', '29.73');
INSERT INTO `totalrain` VALUES ('无锡', '29.69');
INSERT INTO `totalrain` VALUES ('丽水', '29.54');
INSERT INTO `totalrain` VALUES ('南昌', '29.10');
INSERT INTO `totalrain` VALUES ('岳阳', '28.98');
INSERT INTO `totalrain` VALUES ('大同', '27.00');
INSERT INTO `totalrain` VALUES ('邢台', '26.64');
INSERT INTO `totalrain` VALUES ('天津', '24.36');
INSERT INTO `totalrain` VALUES ('太原', '22.54');
INSERT INTO `totalrain` VALUES ('南京', '22.44');
INSERT INTO `totalrain` VALUES ('攀枝花', '21.73');
INSERT INTO `totalrain` VALUES ('德阳', '21.12');
INSERT INTO `totalrain` VALUES ('阳泉', '21.02');
INSERT INTO `totalrain` VALUES ('昆明', '20.90');
INSERT INTO `totalrain` VALUES ('合肥', '20.78');
INSERT INTO `totalrain` VALUES ('武汉', '20.21');
INSERT INTO `totalrain` VALUES ('曲靖', '18.65');
INSERT INTO `totalrain` VALUES ('成都', '17.99');
INSERT INTO `totalrain` VALUES ('泰安', '17.90');
INSERT INTO `totalrain` VALUES ('拉萨', '17.56');
INSERT INTO `totalrain` VALUES ('贵阳', '17.00');
INSERT INTO `totalrain` VALUES ('西宁', '16.27');
INSERT INTO `totalrain` VALUES ('台州', '15.79');
INSERT INTO `totalrain` VALUES ('遵义', '15.27');
INSERT INTO `totalrain` VALUES ('马鞍山', '14.00');
INSERT INTO `totalrain` VALUES ('玉溪', '13.46');
INSERT INTO `totalrain` VALUES ('莱芜', '12.75');
INSERT INTO `totalrain` VALUES ('张家界', '12.51');
INSERT INTO `totalrain` VALUES ('苏州', '12.12');
INSERT INTO `totalrain` VALUES ('宁波', '11.88');
INSERT INTO `totalrain` VALUES ('芜湖', '11.58');
INSERT INTO `totalrain` VALUES ('常德', '10.98');
INSERT INTO `totalrain` VALUES ('滨州', '10.80');
INSERT INTO `totalrain` VALUES ('临汾', '10.70');
INSERT INTO `totalrain` VALUES ('呼和浩特', '10.15');
INSERT INTO `totalrain` VALUES ('嘉兴', '8.80');
INSERT INTO `totalrain` VALUES ('济宁', '8.45');
INSERT INTO `totalrain` VALUES ('枣庄', '8.38');
INSERT INTO `totalrain` VALUES ('菏泽', '7.74');
INSERT INTO `totalrain` VALUES ('安阳', '7.10');
INSERT INTO `totalrain` VALUES ('郑州', '6.98');
INSERT INTO `totalrain` VALUES ('北京', '6.97');
INSERT INTO `totalrain` VALUES ('镇江', '6.64');
INSERT INTO `totalrain` VALUES ('绍兴', '6.61');
INSERT INTO `totalrain` VALUES ('徐州', '6.50');
INSERT INTO `totalrain` VALUES ('包头', '6.47');
INSERT INTO `totalrain` VALUES ('日照', '6.45');
INSERT INTO `totalrain` VALUES ('湖州', '6.35');
INSERT INTO `totalrain` VALUES ('平顶山', '6.34');
INSERT INTO `totalrain` VALUES ('承德', '6.05');
INSERT INTO `totalrain` VALUES ('西安', '5.72');
INSERT INTO `totalrain` VALUES ('杭州', '5.62');
INSERT INTO `totalrain` VALUES ('鄂尔多斯', '5.57');
INSERT INTO `totalrain` VALUES ('泰州', '5.48');
INSERT INTO `totalrain` VALUES ('三门峡', '5.39');
INSERT INTO `totalrain` VALUES ('铜川', '5.03');
INSERT INTO `totalrain` VALUES ('长治', '4.59');
INSERT INTO `totalrain` VALUES ('咸阳', '4.15');
INSERT INTO `totalrain` VALUES ('潍坊', '3.67');
INSERT INTO `totalrain` VALUES ('淮安', '3.66');
INSERT INTO `totalrain` VALUES ('聊城', '3.48');
INSERT INTO `totalrain` VALUES ('淄博', '3.34');
INSERT INTO `totalrain` VALUES ('扬州', '3.34');
INSERT INTO `totalrain` VALUES ('宝鸡', '3.34');
INSERT INTO `totalrain` VALUES ('湛江', '3.30');
INSERT INTO `totalrain` VALUES ('济南', '3.25');
INSERT INTO `totalrain` VALUES ('德州', '2.58');
INSERT INTO `totalrain` VALUES ('舟山', '2.54');
INSERT INTO `totalrain` VALUES ('宜宾', '2.30');
INSERT INTO `totalrain` VALUES ('石家庄', '1.28');
INSERT INTO `totalrain` VALUES ('开封', '1.22');
INSERT INTO `totalrain` VALUES ('延安', '1.09');
INSERT INTO `totalrain` VALUES ('兰州', '0.98');
INSERT INTO `totalrain` VALUES ('临沂', '0.90');
INSERT INTO `totalrain` VALUES ('洛阳', '0.62');
INSERT INTO `totalrain` VALUES ('连云港', '0.37');
INSERT INTO `totalrain` VALUES ('渭南', '0.15');
INSERT INTO `totalrain` VALUES ('泉州', '0.00');
INSERT INTO `totalrain` VALUES ('河源', '0.00');
INSERT INTO `totalrain` VALUES ('沧州', '0.00');
INSERT INTO `totalrain` VALUES ('沈阳', '0.00');
INSERT INTO `totalrain` VALUES ('江门', '0.00');
INSERT INTO `totalrain` VALUES ('汕尾', '0.00');
INSERT INTO `totalrain` VALUES ('汕头', '0.00');
INSERT INTO `totalrain` VALUES ('梅州', '0.00');
INSERT INTO `totalrain` VALUES ('桂林', '0.00');
INSERT INTO `totalrain` VALUES ('株洲', '0.00');
INSERT INTO `totalrain` VALUES ('柳州', '0.00');
INSERT INTO `totalrain` VALUES ('本溪', '0.00');
INSERT INTO `totalrain` VALUES ('揭阳', '0.00');
INSERT INTO `totalrain` VALUES ('抚顺', '0.00');
INSERT INTO `totalrain` VALUES ('惠州', '0.00');
INSERT INTO `totalrain` VALUES ('廊坊', '0.00');
INSERT INTO `totalrain` VALUES ('库尔勒', '0.00');
INSERT INTO `totalrain` VALUES ('广州', '0.00');
INSERT INTO `totalrain` VALUES ('常州', '0.00');
INSERT INTO `totalrain` VALUES ('宿迁', '0.00');
INSERT INTO `totalrain` VALUES ('宜昌', '0.00');
INSERT INTO `totalrain` VALUES ('威海', '0.00');
INSERT INTO `totalrain` VALUES ('大连', '0.00');
INSERT INTO `totalrain` VALUES ('大庆', '0.00');
INSERT INTO `totalrain` VALUES ('嘉峪关', '0.00');
INSERT INTO `totalrain` VALUES ('唐山', '0.00');
INSERT INTO `totalrain` VALUES ('哈尔滨', '0.00');
INSERT INTO `totalrain` VALUES ('厦门', '0.00');
INSERT INTO `totalrain` VALUES ('南通', '0.00');
INSERT INTO `totalrain` VALUES ('南宁', '0.00');
INSERT INTO `totalrain` VALUES ('南充', '0.00');
INSERT INTO `totalrain` VALUES ('北海', '0.00');
INSERT INTO `totalrain` VALUES ('克拉玛依', '0.00');
INSERT INTO `totalrain` VALUES ('保定', '0.00');
INSERT INTO `totalrain` VALUES ('佛山', '0.00');
INSERT INTO `totalrain` VALUES ('云浮', '0.00');
INSERT INTO `totalrain` VALUES ('乌鲁木齐', '0.00');
INSERT INTO `totalrain` VALUES ('丹东', '0.00');
INSERT INTO `totalrain` VALUES ('中山', '0.00');
INSERT INTO `totalrain` VALUES ('东营', '0.00');
INSERT INTO `totalrain` VALUES ('东莞', '0.00');
INSERT INTO `totalrain` VALUES ('上海', '0.00');
INSERT INTO `totalrain` VALUES ('三亚', '0.00');
INSERT INTO `totalrain` VALUES ('齐齐哈尔', '0.00');
INSERT INTO `totalrain` VALUES ('韶关', '0.00');
INSERT INTO `totalrain` VALUES ('鞍山', '0.00');
INSERT INTO `totalrain` VALUES ('青岛', '0.00');
INSERT INTO `totalrain` VALUES ('阳江', '0.00');
INSERT INTO `totalrain` VALUES ('长沙', '0.00');
INSERT INTO `totalrain` VALUES ('长春', '0.00');
INSERT INTO `totalrain` VALUES ('锦州', '0.00');
INSERT INTO `totalrain` VALUES ('银川', '0.00');
INSERT INTO `totalrain` VALUES ('金昌', '0.00');
INSERT INTO `totalrain` VALUES ('邯郸', '0.00');
INSERT INTO `totalrain` VALUES ('赤峰', '0.00');
INSERT INTO `totalrain` VALUES ('衡水', '0.00');
INSERT INTO `totalrain` VALUES ('葫芦岛', '0.00');
INSERT INTO `totalrain` VALUES ('营口', '0.00');
INSERT INTO `totalrain` VALUES ('荆州', '0.00');
INSERT INTO `totalrain` VALUES ('茂名', '0.00');
INSERT INTO `totalrain` VALUES ('肇庆', '0.00');
INSERT INTO `totalrain` VALUES ('秦皇岛', '0.00');
INSERT INTO `totalrain` VALUES ('石嘴山', '0.00');
INSERT INTO `totalrain` VALUES ('盘锦', '0.00');
INSERT INTO `totalrain` VALUES ('盐城', '0.00');
INSERT INTO `totalrain` VALUES ('珠海', '0.00');
INSERT INTO `totalrain` VALUES ('牡丹江', '0.00');
INSERT INTO `totalrain` VALUES ('焦作', '0.00');
INSERT INTO `totalrain` VALUES ('烟台', '0.00');
INSERT INTO `totalrain` VALUES ('潮州', '0.00');
INSERT INTO `totalrain` VALUES ('湘潭', '0.00');
INSERT INTO `totalrain` VALUES ('清远', '0.00');
INSERT INTO `totalrain` VALUES ('深圳', '0.00');
INSERT INTO `totalrain` VALUES ('海口', '0.00');

-- ----------------------------
-- Table structure for weather_distribution
-- ----------------------------
DROP TABLE IF EXISTS `weather_distribution`;
CREATE TABLE `weather_distribution` (
  `weather` varchar(255) DEFAULT NULL,
  `number` int(11) DEFAULT NULL
) ENGINE=InnoDB DEFAULT CHARSET=utf8;

-- ----------------------------
-- Records of weather_distribution
-- ----------------------------
INSERT INTO `weather_distribution` VALUES ('中雨', '1');
INSERT INTO `weather_distribution` VALUES ('多云', '3');
INSERT INTO `weather_distribution` VALUES ('小雨', '1');
INSERT INTO `weather_distribution` VALUES ('晴', '2');
